configuration,task_id,round,status,dispatched,metric,score,cost_usd,input_tokens,cached_tokens,output_tokens,reasoning_tokens,evaluation_sha256,stats_sha256
Native,archeology-easy-10,first,completed,true,success,1,0.018112,18414,11831,215,9,ab8a1618d44fa030a776da01a7125b3aefd6dcab492bbbf66b103cbb0f952723,6aa0e215f89a0870652670a2487dd08b9e676d1e800610e41265d89fda527dfa
Native,archeology-easy-11,first,completed,true,success,0,0.0097,18567,17388,322,76,a1da92a73f65fc804716958ad2cbeaa7532815855e3ba3d991357c37de9f33e4,376b04083e3007594d50054bffc0e7edd5f0af5405e497b6085eb4fcacf91aa8
Native,archeology-easy-3,first,completed,true,success,0,0.011074,18913,17549,403,114,1eabf1db89146e89dd9b7ded154e6832656fc97f4d5f47a28da511276116338d,443b519cad4b8f858275b63fb7a1f23ba562362ff7df765419a72607220a240c
Native,archeology-easy-4,first,completed,true,success,1,0.01538,26869,24710,510,179,b969485d328cf496638364104b064ce5b513f3de330bf2764aacb40c35195b5a,75e65bde8e48561b01fd196833daacde6adf880969355c92920be9afa015d5c8
Native,archeology-easy-6,first,completed,true,success,1,0.008195,18506,17336,199,8,cb62d5fc3df46a82b3da8dfbf25054b5fdecd2bf0bdb9767b0ed6e987df715c7,99b8906f7b4b6641d6d2fc8c98c4376818b2b0e5e96d64fa3ae077feed875c06
Native,archeology-easy-8,first,completed,true,success,0,0.012686,26207,24418,352,76,c3d8eed380f716714ca2f3d2ad984cc0cb88d71a26b0ed944f364698183c1b23,4ab0f152b978dc283f542e0f3166a5d18471dd4ab45a07888a624f1d4dc30a57
Native,archeology-hard-1,first,completed,true,success,0,0.028225,40054,35744,1038,394,cd9e5c3b569f52ba593e429f8c90a031419bdbd7fc3e164290658b0a4c4d28b8,4132f8e9373cc03df12647c75cbf6211939db1330c4d3b331f983b5fa12a1276
Native,archeology-hard-12,first,completed,true,success,0,0.010755,18981,17655,381,165,5d3fe7aee412a0a7e8e5a31685f2feaa10453ec6cd1f41238256aad6c72a59eb,d3f0df8d9242a86a2dd37f6195c8121a53ae5e2f793e22454856ba6ac15673b0
Native,archeology-hard-2,first,completed,true,success,0,0.021455,29865,26077,722,211,c7b15832da1b8e3288095b4c9700cc0aa4c1da4b73da02affc3ae694e2a8d8d5,ea7028e6fd9bf08f35ee2c36072c3ae33bf9893d0249c714547da65b2d5fdd47
Native,archeology-hard-5,first,completed,true,success,0,0.030166,50520,45448,911,377,df55be72c7bbd1ae038531107f7155e97562219c13c94cb1fe74f06cd0bbb8ce,67a7f60816f944767b46cbce9c9d4d23042233b72b190c0be83a8707fbd44cb2
Native,archeology-hard-7,first,completed,true,success,1,0.020911,29087,26015,797,264,e199332b6ffab6ca56bc98aa58f800881524bfd3223dbb70c70ccb260fa6e2f9,b37ac41a26cecb5ef05dc30ba6ddd2596bda064226fb5a581b3e84f07ace830b
Native,archeology-hard-9,first,completed,true,success,0,0.050924,51497,42401,2021,685,6f060dc08c4a9415269807718975b2411ead36ea0c24826be0d78f87a080dbc4,082403c2d8e63da45cf7dd31936fa55a93cd4fe1a6fb6bcb2ccd95b80875c136
Native,astronomy-easy-1,first,completed,true,success,1,0.022111,26695,24524,1072,498,e2e755fe3c68ede18912de26cce2a64a91345b9de39e109fd4039089608e1a1a,d10e758d4b0dfaf248d58c8d5f9986289ca58dcb737f435df11057e3710ad092
Native,astronomy-easy-2,first,completed,true,success,1,0.015498,26778,24830,553,60,99eaaba5abac28fcb5905223356150686994997ba2e10ebed2dcb61b04a338aa,5f94b7c9dc8a0fae15e3f1765a19f9b4e3b3f1651957e03de81c0c2a86fa26e5
Native,astronomy-easy-3,first,completed,true,success,0,0.030542,41637,37002,1156,484,5a4a90884ab74811c6370b47cfae48eb197747dc2f9a64482b4659f9df81e43f,962213b25655937307265ad105938b70888131511b827ad8dfe20772e6c7c1d4
Native,astronomy-easy-4,first,completed,true,llm_paraphrase,0,0.033861,19620,17535,2182,1344,d0c4c33ba907220a2736476015c3c3f43a64b506655b02b0c7b75574d032a017,e94db2ace2082d8de5cc883e5ea3546769e5f32dd6f7a50843f03788bbabc421
Native,astronomy-easy-5,first,completed,true,success,1,0.03185,27470,24041,1682,760,124abc9a9ef0787535176a0275abaa2ab9674f2e9cefc25996ec87b128873a09,81c3c03393cc1088c38438edf11f83f3bef5c8a7425a04bdaf82de97a3c2e9d8
Native,astronomy-easy-6,first,completed,true,f1_approximate,0.0,0.034436,33560,27898,1461,479,6029b9309ae36396eba1b319ab07c396db174e55939942b9cf939f55d0c1514d,abd18a638fdd03189b95ff7e7452e91b42a99d3b63fea40060be3149e3abd151
Native,astronomy-hard-10,first,completed,true,f1,1.0,0.070148,79455,68739,2914,1227,15510f02b2304e0d5756ad2f411fd0a51a47ba03ba47f1e356889fcca8838778,6b7828ecd23202064700cb0a992abf9e01a5304efbb138c704cc82286547cb13
Native,astronomy-hard-11,first,completed,true,success,0,0.085028,114662,105818,3848,1411,3c010a10f684085d92161b8a690429494cf4fca59c3a68e0ed1ae1f0af58a2c2,06418072e310a1a6eb8d581c9104bdebc2dfb360d6322b48760b94ba0099a370
Native,astronomy-hard-12,first,completed,true,success,0,0.052756,38055,32241,2890,1214,dde67a6a92a69fa426ef60d9b7a1f6ebef1553ebf3079703802150155c0bb9c4,387ebb1336f399c8d55892d41edce085f8bd324edc7c05158aee7f1eb93d15ed
Native,astronomy-hard-7,first,data_readiness_blocked,false,success,0,,,,,,4ad34c35b247bd8c68aa3afeda55df03c8dd805db941a08c93b635800127bec4,3e92100ae96691c7d6396a3354ec963cae0fec64963aa970faef1090122cdb4e
Native,astronomy-hard-8,first,completed,true,f1_approximate,0.0,0.044733,45462,41715,2408,1051,259c00edbbf5d4136530ffcb8da29ac856aa9bcd9aed3e41bd30ff3abd442dc8,5b0a783ad7232215c6d334a568a91cdd7e071ae7d61c717cc424b5fbb327a658
Native,astronomy-hard-9,first,completed,true,success,1,0.054341,61373,55483,2622,1165,6d73f8b51dd42f7073ae3ea285b6d32b47d7b244ad4b7fb91e6e240fae914dd7,2641f7b450b4f745dc158938e7edb80cf54648e3807949a8a5b7aa7582b4bc5f
Native,biomedical-easy-2,first,completed,true,success,0,0.018965,28183,25405,694,355,063b622331167db13d60235b740dfa72169ae04f98d44216026cf7dc5bb4a66c,16a435ddcec909c05593ce2798ba1a94f75792dc87081f02908aa831326d212f
Native,biomedical-easy-6,first,completed,true,success,1,0.016016,28287,25432,435,93,61ab84525c0151e375b81b51b9daaf391f2ca247fc69af98a61340d9188127f0,fbf611db74ecffbec5ea06e8ea4eed25eb89d3ce9d20bfeebf10fe7da4a092ac
Native,biomedical-easy-9,first,completed,true,success,1,0.040406,53726,46781,1430,621,532a754355ab3c19967817a2022026c89740acc94e3f8e63406b6b85bdb29bf0,35e66fa2823530a7a2b6a6ccdf145e5800ef2eff3fa360c4cdf0674289a236b7
Native,biomedical-hard-1,first,completed,true,success,1,0.025263,33433,28366,788,170,0111def47d81bd7e7e96436c7ecd244db3f72f29178bb219b91980cfa87b6b51,b1f5da9eb3284aab1d3b0f295450eb72f561ca4f7e1a316f9affa23c3be92309
Native,biomedical-hard-3,first,completed,true,success,1,0.021684,33168,27880,461,53,bfd4ae8576bb76abb7839cefea78ab473d33a24eb1540791c3734e8aada34694,25dc31911aa88e0dcd887975e7193440fcf0b08c9678779e5498616e862f2661
Native,biomedical-hard-4,first,completed,true,f1,1.0,0.025909,34030,28564,772,231,f1fc35efe145f089bc78009ecffdbb7c87dd6667e4efe8f0b1d3ddd9b82bc60c,d71856e5839da68c1a7b31f6fea9bd822763d0294334ddb1dbb4d706ed78b6d8
Native,biomedical-hard-5,first,completed,true,success,0,0.026468,38988,34722,916,314,0d882f5b8af46e41ddc78b6a6d3097c7f0697c3f0985eb1c00bfab14cc112631,eb72024a2d900cff470c461270c85fe91c6e8d706fe68dd020a3b0efa1b7534a
Native,biomedical-hard-7,first,completed,true,success,0,0.012505,26416,24464,309,41,3d65c9568ed624ac0a9ab2634f9c88a590de58a641e3752af07bc5ddedc8465d,2808cd47817b2209a25794804913234f4944ebc3da03b04fde6b1288e8fb36db
Native,biomedical-hard-8,first,completed,true,f1,1.0,0.039593,57226,50475,1333,508,be6be1cb380ac00034cdbdfddfbe7624c7db7a6582ce6ef7b7c7f13e234e30b1,370341f089a5294672e3a8d1f1b97129787e308b2ad7faf44f0806b1ce95b361
Native,environment-easy-1,first,completed,true,success,1,0.011613,26116,24366,270,28,08aff0425b22784fa981ff88f7f78ba4eea688fff2d77baa723d44735ed9762a,4d1881e6ca4d173109f9aa6e2631bd2aa6cf3ab6f598af146ffb385923c3ceeb
Native,environment-easy-2,first,completed,true,f1,1.0,0.068843,69635,53773,2197,585,78baa43ef9a0fe5a7a1b804e7034c1964115c65c8b83c2c3c96d93e538c6dbef,135bb8f43423a7d28d0afc4640727efd067c1bfa45c167742c066961532282a3
Native,environment-easy-3,first,completed,true,success,1,0.021327,29521,26193,786,169,575cd87e5342a4e742fdec60a0b6e84c9dafe9af736937303177729fa7946235,6c7500f136771174ddd7c7eedc1651fba01db91e3e8564352c65da69898bd294
Native,environment-easy-4,first,completed,true,success,1,0.025197,50629,47476,783,182,d42edab40be02c4e9762d18eb729a14ccb4c32f9cff8984140049c11ee1b237a,5898ad253fd527107d579ba83411042b4035530c999af8641cef095e33d2e795
Native,environment-easy-5,first,completed,true,success,1,0.018067,28195,24544,488,124,a775c9542ddf3ee03920563664273e816bfbfb7bbc2987f777bef509261c32fc,7d8fe34db337f5ae4f658dd35da0cb2b9119ff359b80148287c0423a807aa121
Native,environment-easy-6,first,completed,true,success,1,0.040532,64156,57580,1322,625,297cdc30e7aa44f5f061a75348b498b020de57488c09195cdb640c6045cec85a,72ca25933666d0f2f0394db363c74a919f8488f6fb93ffd2c41e8f45aba6c021
Native,environment-hard-10,first,completed,true,success,1,0.027909,31873,27743,1175,498,7b5cae0c3ac816a37a82ea70b8a406edbc001f8c794299a1a31ecb469b60085f,2060421daa100f552fb1cff556189c21a7d654c37728b20b9f0f93f4e94cbda2
Native,environment-hard-11,first,completed,true,success,0,0.010927,19347,17613,328,114,739a7a040384e8d1a5f7e69ca3ee5fead6bd149b1e65c4e2f164e95223108740,c8ccefaa49fecdffa7ade674e9c6ae59f4ac62415b900e89c2df656ffd7d42a9
Native,environment-hard-12,first,completed,true,llm_paraphrase,1,0.049492,45150,37631,2244,295,6e920e8748d06835f26d9e501f291131659d43449de1655a15219007b86aae51,8944c494c59f23464dd3893422854718a0e4816d2082152f32bffe6162a9bad1
Native,environment-hard-13,first,completed,true,success,1,0.017183,26565,24224,638,242,f2c26263496400787cb23a79aa0e903daa36f050f2b347a4a55d7df5a698059e,a00d7b4bee463f5fa4251ec80840e3c7bab746c4996686b5e1f15350c71ebf9d
Native,environment-hard-14,first,completed,true,success,1,0.043112,44348,37731,1861,567,e7dd35c32229b77ea7c4448a92cd350043de530ffb422b9f21ca9085fb059a6f,11e7c59876db5925d956ee9127c96e608be0b67b7ecd20050b39da43b6b3be82
Native,environment-hard-15,first,completed,true,success,1,0.022729,34416,31806,929,366,2fc5125aede5fbf4fbfe48b9f463d7135d1559c3862bd2d83827ab8aff1860cc,16021281c52407401d521822c9bd6e691d414290f4a1d1bf319b2ea95f25d869
Native,environment-hard-16,first,completed,true,success,0,0.032449,61613,56425,899,394,7c380fb9fdb79312a1e4967c1f35c106f191760aa80563763115c0ed9d44f298,c190325e0dc57771e71d0e1d826776116c84d8179c484f9c0566c5a0ffef7577
Native,environment-hard-17,first,completed,true,success,0,0.071716,82207,72279,3117,1247,c5ebcb0e36fe8e2ee11c18c5face5ba7b3fe03f426dd2537d9bd44c2beb792e1,e044840fe0a1f6a2938b44575d40d5a19481ffd32fb8604d547e67c79388bc07
Native,environment-hard-18,first,completed,true,llm_paraphrase,0,0.069331,77089,61444,2146,793,62b5568bc18cfbf0c9ea76fc1a5bf5a00f86c3c288853615183082f19fd7d804,5cfaa7e914049a9860333b8e160095b71ff59eeb3a651a01243c7a1a379b048e
Native,environment-hard-19,first,completed,true,success,0,0.065782,77916,66521,2474,815,9dba5921b058a960d36d68572df61e31152ac75a1184f98d1d5bd49cca172dae,c5831d19763b41c48ec6b55467409d8753275b58c741bd9328cd009d17689e43
Native,environment-hard-20,first,completed,true,f1,1.0,0.028482,40263,34840,889,181,cda08bc6711492f419a1d82b09f0454814304f5973f312e46f7ab3adc5e7074f,7cae0d9ec5e610ab05d3cb2331e7e1dfd0063a3ac196fd69df2425b0de9cccf3
Native,environment-hard-7,first,completed,true,success,1,0.023702,37816,34430,837,210,a06dd532ef1c642f469438a43956fcb2a9927a6c457dbd7937ed7dc8b1533de8,ec309da1c327759fff54fab2ce9a90cc22ead46dcb12c64cd89e59a5a356fb10
Native,environment-hard-8,first,completed,true,success,1,0.016941,27869,25407,578,155,d54eeec25ef87f4c65677fb4b8f2e83dd0c9d367471792b77197abaf29fb34c0,aa66fd3c7577a431013f85f679c5b802d342d8ce6470005bac28605c182abce4
Native,environment-hard-9,first,completed,true,f1,1.0,0.033122,37824,33872,1537,701,41bc130a30189441195733fafea3deb1ceca6a0acb855a35317e624de173954a,4ce8f70b4ef893261f19c537e14438ecca3be3ebba650794259ccef97d7ac5b1
Native,legal-easy-10,first,completed,true,f1,1.0,0.015746,26383,23740,476,34,c745bf04cc9df33c592945827a681c121fb321e90eb13537d8c437de0d0f0123,2249e4c38f2dd1bef54abfd3008f02cbd9bb01be59ac0326984b3502a98790c7
Native,legal-easy-11,first,completed,true,success,1,0.015699,26093,23537,490,56,42691d0d70e7f12e530f15e070e179dbeea386e3eb5a4982060e3cabaedefed7,8b3283cfda2fba7e1d84e9d8059aaee43770517c94193b6f920f60fd15833a73
Native,legal-easy-12,first,completed,true,success,0,0.010357,18361,17267,393,88,402536dcbde9adada1abad44c77d6999ee6a370f269a64f90e4073b068207d42,560d039296cca80b1b686421642b714e9a1a4c14ee893faeaac81a3dd4713ec9
Native,legal-easy-13,first,completed,true,success,1,0.016976,26370,23429,534,101,bd052076a38f13d224ce7bd92cb0d33809425b63a68e0f657f3b9cc6c18b5e7f,21db6e0873296a5555061cc3fd3703fcdb8e8bd1ce215067d19b1c7b4743aeea
Native,legal-easy-19,first,completed,true,success,0,0.025095,35553,32355,1019,317,c2b5dc1d08100df9e2e2ce2da2ffabdae9762d9761dc624769bb0a902577e01c,8a150979afd676d50978e46b931fd53bd15dceb356c52be37963e440dfae02fb
Native,legal-easy-20,first,completed,true,success,1,0.022367,34430,29656,574,85,21e051f322afc9914f21dd72e093361877e39342a1f6cd2e1ac598da5f06b8a7,e954654544debb343a800b4b003dd39f1c4b124e6ecf618fb62da6d3c98b2f8a
Native,legal-easy-21,first,completed,true,success,1,0.008964,18502,17311,260,48,b1b8bd2fd1719e40c05b570fc599dbc98906f0cd07967b9a3653ff615ac47f0c,a6106343e29a0fe406a8c139249bab9595a12494365023ec03dc0c1bc271035b
Native,legal-easy-25,first,completed,true,llm_paraphrase,1,0.015371,26773,24435,484,74,b9ac0b5a0ffc85dc16cae73e48521d449913b4c46a045aa0da98701c08386c3b,3cad54b08bf502558c2d71e624f24c549e75a94040b87a735c25e5780f457017
Native,legal-easy-26,first,completed,true,f1,0.0,0.011532,18776,17349,434,8,b9b67101699468035e8368c1898c077a667802f1bbf92d874ccec9d088d53d15,34bb18b61ba38226cedf876f8d21e789afdb0cc4f7ae07cdeda879d61e57db75
Native,legal-easy-27,first,completed,true,success,1,0.00812,18377,17341,215,9,6223c0abe570a15c1d56bf1790465be1f348e873ee6531c4dc476dc351a998fa,ecabdac8be5e097e0c777e9c08864e764fb53be152748a7978b0489c5dd14f18
Native,legal-easy-3,first,completed,true,rae_score,1.0,0.023479,34393,29684,677,156,5fb4a85b6ce64c508ace6e02fad85586e9613ff6f2661cc06f62b7f81865c4fc,32453408bfe143bc26a79783bc2e556c86599066601d27ea102573fc924bbef2
Native,legal-easy-4,first,completed,true,success,1,0.014062,25691,23480,412,72,9b9d2963513a794ce8c2a5c3b3a2d8d28b77c04b49e7ceb5bfbbb47e5e12b2c2,b837451ab03128ef706fad8a9b29a4bf27070932eef60f91dfb051e541dcb8f8
Native,legal-easy-5,first,completed,true,success,0,0.01447,26083,23529,388,33,2124d21e47e4814ba8271543ef6d8fb96718c280af934f00342431058d7719fb,cb0787d36d79b47de4dadfc61ad11ab60b99779978d07dfe1425d05125f966ed
Native,legal-easy-9,first,completed,true,success,1,0.016072,25875,23288,520,114,888134150d2a320135fb6f4fed5aef0bd7032a0f56bdecbe6e1ca3b28df2f385,91a1f57f050213fcfb783d592032a67dc4703d25de86799fd00028eea8b03859
Native,legal-hard-1,first,completed,true,success,1,0.052554,64127,57849,2369,1346,77dd2e827c3de98d61c1db9a77eb010b73bdb6f41d10321f6a13c7bc9c37d676,ef4e2517019033b99d3fe8a34ca9972e375e81a864aed95c35d7b07ba9f18eb3
Native,legal-hard-14,first,completed,true,f1,1.0,0.029001,31300,23973,796,131,08506893010577f02b3651d05f37fd85e8baa2c07d2a41ecf9078ab1d5e91873,ccbd38f294fbfb64fd3906f34cee4b6ce44f1d03665778648f6037cdfb5cf3e6
Native,legal-hard-15,first,completed,true,success,0,0.016567,26137,24144,646,291,d5e55fa672c5323ec111993971fe2be436eb6752047be8be730fb89d714c0c6a,671975f29830835e8c16b8d9e577b3d5a0ddcab3223d15f4a3ecb448e87cbe4a
Native,legal-hard-16,first,completed,true,success,1,0.018403,26867,24435,721,169,73acd6eefa9c6cc1a4ca48b2c9095d4069a4442c98799694be557ded2fc3381a,a1e958ce0266f88f59c785d4fbb69631a98cfec50c2b3b75b6a40f7511da77fe
Native,legal-hard-17,first,completed,true,success,1,0.023855,27215,24186,1080,542,14a6b0f4607b5afe06131144f3539a9b6f1fb5cabf89db2946abe880f123170f,590aaeec95ccb8f8b575c6f8fee414c030adedb6e42a2f31e8d2883641348467
Native,legal-hard-18,first,completed,true,success,1,0.032047,29623,25164,1508,491,6e6bc3d1b09c022443400c5c18f0910800122f1454b694a3a92c8c772d12721e,c8857294356a91829f6885e59dcaf1e9c192f334bbb04ea49bfcebf28b580d6f
Native,legal-hard-2,first,completed,true,llm_paraphrase,1,0.047399,54801,47604,1957,648,1edb88e389a56e01c366e5c1f4614f38b6e992fafd0e458aa9877d8ac8097583,3a4f6350696d7c28288ae067beb133afbaf2bd12ac27b608416a4e353535a3bb
Native,legal-hard-22,first,completed,true,success,0,0.016198,20011,17889,698,155,cc5c0695ddbcb9aa45dc0cb017f25b6369effd145dcbccb529c4e962d004f694,8c25002a06162c6daf01f56da3c35384ead1fcba61679cf31003757a25da5982
Native,legal-hard-23,first,completed,true,llm_paraphrase,1,0.031766,38106,31539,1027,390,00bf45c059b9e71318be53ef0c5805331a1bbf42544dfc85f1f3c18677ad3bca,96d90204c5c79e88b52b807e0e2b8c6b0dfc6f7dc9ced32695232435ee96b538
Native,legal-hard-24,first,completed,true,success,1,0.024225,38075,34767,888,164,e63494bd8c909aa200a9f1850aa80dcdbf5f3c9baef4d2d0ee8fcdfba62d9306,24531f57d7f63d4469abb3d3d6567f4aeb0983cb4db3ddf071545080b8d5c845
Native,legal-hard-28,first,completed,true,success,1,0.015034,27221,24920,454,199,3f1df0e8354e6f342725a0f24b54da98b62121740f5b04ff9395cb740dc88a0b,0bb7b8211cd65aacc8914292650b601989ccd3b6d93ddcfc366f1c2fabad9251
Native,legal-hard-29,first,completed,true,success,1,0.015947,19256,17363,724,211,2b47d7b47dc8b4e0c59691072f1965524d2cfbc783419faeb0746ded1d74266e,db4d23bbd098a004da967cba66263e067f315f0a081da1c7183c7c177ac4e1b3
Native,legal-hard-30,first,completed,true,success,1,0.01332,19700,17889,510,64,2b0348092d6801dd38be6f6f591c143506e60e82f76d1195ceb0c9045ca4cc1a,3686f1fbeee8da11d60b66d2bcecf6ec521856c5b0dce55b5910ab96f1efa8c6
Native,legal-hard-6,first,completed,true,success,1,0.027031,35466,32456,1210,210,ee9154d12b03980917a174653e3b41fbef6c8921d94e3be60d793858d521a041,eb41114a9b8b959cc3eaa601175572951cb03981ee00563d217f81608a96be59
Native,legal-hard-7,first,completed,true,success,1,0.013547,18948,17407,582,131,4cf0ed3ce92be8adcdbffd75b1edf6ad41e8175a951249d5017448cffd778036,974b2d0a679e35a3dec9ee96fd2b63d25d0e9c8dc087d413d1669c675d0e4a43
Native,legal-hard-8,first,completed,true,success,1,0.011935,19558,17814,407,43,7f969768a3d6653eecde429e7878372eacd5e10ae4b0efeb13d17a54324dca83,e4fa268a1fcd8f434275c06cea327d91d5dd62cd0b0267a7090b36317ebc8123
Native,wildfire-easy-1,first,completed,true,success,1,0.010212,18382,17278,379,135,e26fd0cdf2b9224dba1f83c0378d1f3488ad01c56e3a21c15923205e8a33ff7a,284dac90fc4b5c950294246586287c47ca18a6901b2a5861e00454ab9db59d43
Native,wildfire-easy-13,first,completed,true,llm_paraphrase,1,0.009888,18415,17241,341,105,d92809dc8e218c7b5913e90f35bcf5edbad6615105879ed27825483df9e5f453,960c47daacd2e8c6f9f2fe7f8f11b4a97188e2a776513b6234e1947095a8188c
Native,wildfire-easy-15,first,completed,true,success,1,0.016518,28994,26052,452,114,b810701b59468a5396263db0fe9d431276869cdffb6d5389ba7dc862deb06def,f3fd884a52396b37a80ee14db9e4c350d550db89cdcbba4258240a9b77d053ba
Native,wildfire-easy-2,first,completed,true,success,1,0.019493,28653,25887,732,132,b0f0d84d7376d6b3eb34ab80ae1d0f3c98294604d4d45b43d9efa19b578fe1c9,e668199721f2d1611ccd6b2cdae6182ca8d991f243888c0998e6ba001aef13a3
Native,wildfire-easy-3,first,completed,true,f1,1.0,0.042984,51674,47302,2065,715,ac462632b9a633a8e3a9ec0981d30dfad27a7c4e87c76fe82db048ba615da3d0,96d6bc30accb624556ec6130082a04e47198828959fe8024d4ac0dd514b94521
Native,wildfire-easy-8,first,completed,true,success,1,0.013722,26901,24760,374,101,87ed0c35fefad94c445aefa7dfe947c26479d3750467bf2e24719dd4fe978dd7,2a8ad805f09a78da68c3626c9a44b2fb40bb48ee33b105ca47deec66d2828ca4
Native,wildfire-easy-9,first,completed,true,rae_score,0.9076923076923077,0.014668,27073,24799,430,81,970fa3fa7dc44198e3293de346c9d52ac79a4b2ffee9b2990e87f8f21310ae02,9fdaceb58bcbf65eeafad5ef9e0041ff00526e8f6128818d2ef514a566a50277
Native,wildfire-hard-10,first,completed,true,success,1,0.013437,20554,18306,440,40,5fef2cadda5dcd8ed52e33cb5ea018ef14e6a7a254f3143166656de8038e1209,4b40b49c21cd288a1af13cbf97972aa745fc95fce5b97e2380666c3fae09af0e
Native,wildfire-hard-11,first,completed,true,success,1,0.008898,18296,17239,278,45,cb9370f1ee6e899b37c07ee9e8c28282bbabaf60b090a43248e9e5beb7950e6b,4c8bb73959829ff607577cc9218084da81454359f1a05459127c6cfe661b1dd1
Native,wildfire-hard-12,first,completed,true,llm_paraphrase,1,0.017703,27512,24754,603,138,7bcc78091f78f5f75e6445a50832f0d22502b9e90a5c76d7a61ae4d70015e06b,bf84adad7df879d09028de3d03f5342bf77e9483f52b1e6cf80c0c509049dc50
Native,wildfire-hard-14,first,completed,true,rae_score,0.7386363636363636,0.021997,29459,26005,824,246,f7426fc38bd5539ee38cf0d2dd95062341dd4afe4018fbe0662fd2a9865b9b68,b06204867e50d98780b8fb04f50fd3cfd04475797b5cf1ecacb5333efee56288
Native,wildfire-hard-16,first,completed,true,f1,1.0,0.026312,38891,34941,952,286,87aa157747639810f5f6b10ffcc6deb45d8dbf93f86f4b66d85bddeb0d24a9da,aecd5c76119f212244a87cdb3940834b3ee63ae5e61d87ae5ec1dcf169a32d5a
Native,wildfire-hard-17,first,completed,true,rae_score,0.7614431624739929,0.01849,36766,33559,447,126,f85d206d539e5a3e1b5b06c8dcf512cdb225423a19e100fe213e80fb9e117e8a,ebaf73f94ba1ba321003913f14c009a50dd30270aaf87bab0c97598febe8bc09
Native,wildfire-hard-18,first,completed,true,llm_paraphrase,0,0.061898,75668,67588,2685,741,2b44ae356ff0a2cde23f388273346f5884b1c2320336fc11bf28dd74f218da8d,370d2e0e19b0554e4caab3c6e5501f4812a08df86bb07c4af3cd3dc86ec21c70
Native,wildfire-hard-19,first,completed,true,rae_score,0.5,0.142456,104003,73130,5507,3761,286ac679dc47cef724ae9516922a8162e6618dc3578dfdf39a9a8eebc2bdeada,ad2f0897d385c50311b91fcaa4b907708c8c9ea73ff4f0dbb7ed843c1608bfd0
Native,wildfire-hard-20,first,completed,true,success,1,0.041085,65863,60923,1585,684,ca1f9672d573412bb3978e0deb12a1ee9e527055af98eb25a8257e4221169bd4,6024a827c5b8a3b8bfb70c597e2d33abdf063ed4338ce813829daff10662e335
Native,wildfire-hard-21,first,completed,true,f1,0.6666666666666666,0.03975,56467,52198,1731,705,2aca24ce5fd471dfd22e316619b146038b1fde531362cd332994dfa7453df0d9,ecc27d4f747c2fe39d5f8059ddb19ea5246f75955de7528c7c33308559d968fd
Native,wildfire-hard-4,first,completed,true,success,1,0.014838,20986,18361,493,62,c686f6632c2b1cb8c75563d86f7f866b62c42db61b1373bb1206a05bb3709602,b715057d928ad3e59cb3eaeda2be455cc2aeccd3c81a7ae9a30d2f5534e427aa
Native,wildfire-hard-5,first,completed,true,success,1,0.022195,28693,24297,712,170,722362af45568640c01edbdabda237f27f0ba3a68cbc3a3c70eacabe11803a7f,df8fd5166d3fa6e321acb8b7ec3e6dfe8c597bbca589c11cb4dc1473bd550bf0
Native,wildfire-hard-6,first,completed,true,rae_score,0.9923518164435946,0.02303,28634,24408,808,165,8971ad6e1e3e0dba3ba85c159f4681a81fcc02ed7f21737caaefeef3d906197a,6f7a933468d02b2fea6a05fea51ac226545786b26ae606eee6fe820911502ef0
Native,wildfire-hard-7,first,completed,true,llm_paraphrase,1,0.075855,70514,51594,2308,881,f060c321b950772d4366028c91a145705f589cb7926cdb0d543404a768224ad7,2a492a482152fe2dbd1951edc2433dd9586710e5f74747cb71ed552d95350fe5
DataOnly,archeology-easy-10,first,completed,true,success,1,0.010181,28931,28003,227,47,67aa0601333a44d766426bc8a0d65a2cb36d58859c0dcdade76e86c1f6f7206a,b1aee97ef9da8937710e7a1554cbed80307e27303f5e2b03c97ab6cff85ec7b9
DataOnly,archeology-easy-11,first,completed,true,success,0,0.020845,39561,38263,883,532,07b8c651271769f6793368eeb395a526f9b555a53b8a4d5c814d4e83f9c47221,c58227db385b32c34e2993f40bfeca1063729bb11ef41b95d97f701241b8f86f
DataOnly,archeology-easy-3,first,completed,true,success,1,0.011919,29206,28123,344,50,f6d4efd3f5cd977f7c3e5e8387935c76f6a30fd16c7b21c9c19a6368a371bc92,3ad02680244cd6191d03235e0672b939434f555372edb296bd5702104d66e48a
DataOnly,archeology-easy-4,first,completed,true,success,1,0.028784,63187,60670,968,325,c893baaa854174a278be72726b6c74a609f201e7a2dd687dd346e0e4533aee6c,e56d122403694b6aa1b950a32e637715b971cb2a9517770e116db382a8d00ca2
DataOnly,archeology-easy-6,first,completed,true,success,1,0.010608,29038,28018,247,9,9107ec8a34318a56eb867ac1eddebaee60356394c509e678cee1a5fa567bc8e8,8573784ec75560d16a20a6b3225a68ac8250273db5090b556f5eba736efe8829
DataOnly,archeology-easy-8,first,completed,true,success,0,0.012008,29029,27890,346,96,ae6159f10aece41f9f43d9bec4144f97b9355efa4d9e5369e97b7ebfe1a06665,8d2346b637ef8aad8a15fb2fa3e8ab1de60c0661328b3dde2c25f95babc96ea0
DataOnly,archeology-hard-1,first,completed,true,success,0,0.05894,113829,107659,2089,561,4ab9b860e48384249d60ead53381eccde411a599b1a243c05df40861705e0f8a,96f75961f2b88d9e3eb849878f09f5c6935088c7db7bcbb24f5402402a7de957
DataOnly,archeology-hard-12,first,completed,true,success,0,0.016758,31421,28922,498,198,0de4504566f2c51d4e059575a006899ce96b5a211d9597276275a47535f04f3b,18eebff7f385d4b0fc923c8bed1a1c8089a5c475b4252cd0f311a0642371dd7d
DataOnly,archeology-hard-2,first,completed,true,success,0,0.041384,90050,85511,1267,283,cd71f97762765832175de59a6a01f8efd9e27b1609c58f9b3144be7a413a7954,efb5f456e621c9d813f8eece6352acc1f6ddda93d55108b81be14e88de3c44a2
DataOnly,archeology-hard-5,first,completed,true,success,0,0.063612,131031,123730,2022,834,b201fc995b66947cce122bfbb53dba22698c9479920a5e23c5d4165ae2eb04d7,d6f56bfa7f886c4e182fadaeef4e3c2fd735e9c94072c4b495991d77347aa6bc
DataOnly,archeology-hard-7,first,completed,true,success,1,0.028024,42139,39712,1269,480,8bb1066ff7a5cd82646d6d52242a5139d636af3c33341c477d1595a9b42e3d4c,e142f56fdbce296014b2507a829457957fc6e05a7dd4e9f3dd08b50a76391c5e
DataOnly,archeology-hard-9,first,completed,true,success,0,0.035337,42921,40205,1822,655,3e000df400751c12c995d90f210e079b282c1336d7c405d2d6ec35c615a0abdb,3bf55234e37b4cfb5366d555298a7f5d123f4ef7419effe00a79a30cf331ad36
DataOnly,astronomy-easy-1,first,completed,true,success,1,0.025018,53589,50958,797,256,233e60d19079681616175f1631b771f452e5e6fd85367bd42bf899542f32973f,75818ec20214508ffb4832805195a579dc2329e2de2ba40d5861cdf67315e63b
DataOnly,astronomy-easy-2,first,completed,true,success,1,0.020043,32461,29633,705,36,6132460d7a38ccb19c85c10194a13ac6135623934aff3217b59aa08550c3b91e,be1272f5cc39a85bd140dcd8e1c66f3ddb3a1c02f4b2c1d33ba0ab53c3695c9e
DataOnly,astronomy-easy-3,first,completed,true,success,0,0.031517,45495,41574,1280,505,661e1be538aff380aced60245a6fe20264524a43527a72b90d09fe3634d28269,00d852a6d6a00835c0f24f9270459a030036cef584c8234078a0136897b26827
DataOnly,astronomy-easy-4,first,completed,true,llm_paraphrase,1,0.035866,55375,52129,1579,565,ed84692d74d6703fd73d5471f5f5194c09ca23f815f1273df262c736cc60ad10,79dcb1220195a82d2d7b66647522b4e6d8630b52249064a50027ff04cb67bae0
DataOnly,astronomy-easy-5,first,completed,true,success,1,0.019491,30315,28615,864,331,77fb0d2172c48df150d5fc9d23808b5384917049afe8492ca3c6dffc5c8b2c81,8453ce3c5cfb9dcd3200cccedc967c79009bef0a109b303c181778a8fa800e55
DataOnly,astronomy-easy-6,first,completed,true,f1_approximate,0.0,0.035124,44838,41300,1649,704,d48625f5de0d775f480e3efd7161d60d2d283e7fd4f124ed1ae278c6907cbf52,71bb2cc79fa0fd067f7d5ebbfef22de44ce596bcfcd78ba870f23e866a589abb
DataOnly,astronomy-hard-10,first,completed,true,f1,1.0,0.099643,115197,106086,5017,1018,d32f313b051f5decd6a83f8011b16f4f52d40c31e90b553c5962eb6e27963f8e,79b571524a00de034c21de188c3f401890cdaf6a744474d63afa2864731a1055
DataOnly,astronomy-hard-11,first,completed,true,success,0,0.152311,223920,209856,6851,3209,375c86fa76b02d29ec0aba42c628c26ee4812dd8f55e7f051addce04e60d34a4,ba5ebb3aa6ed654d279b8e89018ac009291c71894de55f29f1943cb138643b28
DataOnly,astronomy-hard-12,first,completed,true,success,0,0.058693,57906,53546,3272,1204,eeb6c40e30c4dec02d9b85eb311cfea72d3da93016ac72440892f69530620379,3f22fb84d70cd526e9e02c8d2aa6ec4d41d500852351baac7a87d88d016f88a7
DataOnly,astronomy-hard-7,first,data_readiness_blocked,false,success,0,,,,,,90014767058d66908f99ad3f6396d0930ec144b3b18cbcbb6afd6e2c61331ff6,e753ae22da5d9f299942c7237e24e3d1e9a09fa35076d3b5b45a30d014400c5f
DataOnly,astronomy-hard-8,first,completed,true,f1_approximate,0.0,0.04544,55322,51371,2272,735,a921625cbbb1f3d2416f42cbc2ea23476a7d49c4de1d29242527f7093a0cb5b3,b07494cb92e5c94aa1a7c7caaf46316228bc188d493bdfa787443d3f9890237b
DataOnly,astronomy-hard-9,first,completed,true,success,1,0.046898,75516,70019,1825,687,c176991bddc6797ef9751ca47877ff49303120d470c4a411280c78ed568e9a6c,cd38908a2b6720cd48be7c3e08160a289aa4c0ae4c9d2187c005408207808c63
DataOnly,biomedical-easy-2,first,completed,true,success,1,0.035929,77789,73665,1079,490,7299982f89ae34b816f1ab2c2d0a2e0b7cbfff29b152355719d47eb1193fe365,73a78ec82540ad56ce13350f5051d6cc2e0450ebb03c3955bc664e11b91b7993
DataOnly,biomedical-easy-6,first,completed,true,success,1,0.027278,62840,59821,773,176,d58ed8783c6f2bb79c4b2b79a24872fc3cb13f5fec74b2b262c843e5962182d0,73a9fd52536c0d4554cc9700692c757da79c65b8aa8071c396f275b19519ff92
DataOnly,biomedical-easy-9,first,completed,true,success,1,0.03885,79237,75258,1320,570,64fa3b6d0e238fd46fe92c731dfaa6a7737359833c4844a14a47afc8beee8fbc,e8ace5e83cdc99777cea766197d9fd35d3b96ba9de69b71d98d4e227ee7fac20
DataOnly,biomedical-hard-1,first,completed,true,success,1,0.056635,108153,100253,1732,554,aa65f6837cd9b6defd10ac6b9703b803e38b7f90f963bf49839a7cc48eaecbec,ff4ede0d3dbf33e3aa1d5e276c3e051b64d977a056d8191aa7fc94b46542e61e
DataOnly,biomedical-hard-3,first,completed,true,success,1,0.040301,82666,77855,1259,515,500317538eeb2b513243d23e09a3bbd7a15db472710139a248eacdb8052b3642,3470fc0da8c22da3b4e4fec4b8086d72ee7781110db85c08a4cf902fdd9c5e86
DataOnly,biomedical-hard-4,first,completed,true,f1,1.0,0.037563,73978,67983,998,142,fe77975246257e3d1ac447f3c894c5888ad232c1a4efdccc18cca92490173e7c,98aec09c5c6840550716c41c3d1d7415dd5f44927f57f0486a7551c4a70b8613
DataOnly,biomedical-hard-5,first,completed,true,success,0,0.054337,117505,111874,1725,545,44fdb6eef46d32d515ac0d6138fa32982d3ecdc4a58ce91ccc7165d4abffce17,d80c6b385a343eb9dd370f2d0dae94037df85c5e07156b93e348c47019fdaaf8
DataOnly,biomedical-hard-7,first,completed,true,success,0,0.010007,29025,28084,209,42,90b84ba482fc525dd9fb32856cf1f5517cbb7f708e712200779cd2d8ebba4409,164e88c4d9e68a40d011de68555688bc680f26e837102f9eea736952c99aa98e
DataOnly,biomedical-hard-8,first,completed,true,f1,1.0,0.025768,55539,52001,691,164,3e07d5f6fc3d07774ffdbc2336c462cb6a97aac2f3898ced7c25531ba7fae7e7,5449771e828e87454aa134ee2fb57e8ed60850d27ed6d3ebf59989983102b627
DataOnly,environment-easy-1,first,completed,true,success,1,0.016392,39268,37858,500,142,e5b64a689d82896cc50dced90394b8cb4de40d11ecc1488c182a62b70c391d46,5fc0af8755faab70debd9bc32b515e8be80ce5cc8b9de956e4af052f0ca1d520
DataOnly,environment-easy-2,first,completed,true,f1,1.0,0.037801,65887,62367,1524,372,8cab3bcae22263fda2d1026ab46b4810b82f4331c3ed893b3f5b8407b931e35f,8d3910cd78aa5f3a3446435c10d6f2c57f01a254b86c01bec6c5ccb681ae5644
DataOnly,environment-easy-3,first,completed,true,success,1,0.027315,42103,39526,1188,346,0abd125193f5745e70a00fb14746828bd9c9dbbb1710cfd995dee5d8a317f85c,c7cf3165868e6f533fad3416e43dd54abb14ab78a82e50a621bf724e1b30daf1
DataOnly,environment-easy-4,first,completed,true,success,1,0.032967,66499,63226,1148,373,c09016fc1458958a9ad080c741e364f7b1fdfd6d619af24125c7e4838d7333d8,b2ae48d22b9ba5263eab32d338aa64349b957e88ed470ccf74891b314af318bb
DataOnly,environment-easy-5,first,completed,true,success,1,0.014113,29704,28344,477,44,9ff44b1beee879a752c4711714dc193892ca355859a62e7430e220d8057d0363,6d935da03010f09f0556abe40c6cd1d27db02e76b464ecb94d006ba9b16b1779
DataOnly,environment-easy-6,first,completed,true,success,1,0.036312,65342,62449,1503,596,eb11d48e819b45c0f3dea43b80c3fc9eb4266c3693e81dce68cbd87d2d3b5524,de81484f01c0f18c8c2a21295cd74c296c330d9e42b29f65abdf81338ba87206
DataOnly,environment-hard-10,first,completed,true,success,1,0.036613,60301,55607,1342,593,7fa2a75b5b6d59fa49eb7a9a29f0c3dfe827b27488af40f727de5c811a419907,f020c449b6833eb7b3072ce67c3a259d5cad768b69d65f079528f426d8fbd9c1
DataOnly,environment-hard-11,first,completed,true,success,1,0.024178,52585,49729,710,265,0ccf3e34017f277649bba4004d19b3b4c8df49fd760459bb314b812bedfcd46a,2e6ebe36e7a359d8106de1327d5ca3004024cfa50e6e2ca93e92d380ca05d003
DataOnly,environment-hard-12,first,completed,true,llm_paraphrase,1,0.027324,53347,50488,959,298,232ac41379dd9a63b540417093aadbb7fb54668315fc1f0d09e9cf6f4759933d,2ef40f48c3bd2e4fae5acc1d39e7bf55f33c36f1ca3f0a1f1011a43087d837c6
DataOnly,environment-hard-13,first,completed,true,success,1,0.035201,65263,61405,1267,633,234e291b86839afd542e4fcd4b6f349babae1a54e70e508682a1bdf16a394d40,2c283e63d931e4380e7d8d2191a809497332426d7da010fd3d711ec66690fe5c
DataOnly,environment-hard-14,first,completed,true,success,1,0.084852,108500,98349,3740,743,19a98f646c6d8d17ddc35ef6a5e9efdb14340bcc92820b60978978129082e452,a522a8b48f60ac3edc9da2c9ffb46759cc761cb818ea5e1def1506aa621703af
DataOnly,environment-hard-15,first,completed,true,success,1,0.031334,43173,39462,1335,313,f49c2b8a01023407b906214f89a8f3e734e7b22f15f96a3068bf56d42858c5e0,77373043f40df7a35e1273e3b34519e5dccae4484eb8e17b49b881abd5d2af44
DataOnly,environment-hard-16,first,completed,true,success,0,0.041258,67948,64470,1784,699,ae074222785feb26bc0e1062a1733e24955658ce2d81cbc063ed57db77addd75,c922dbe7f248508ed2ee14383dde26213a19a8fc0a3025b9bea2766d17e18548
DataOnly,environment-hard-17,first,completed,true,success,0,0.04777,73068,67728,1962,804,5c73d447dea8a013e2e6ac976187acf8bf0cd404e2ba2f6fc0a2bf5c8e94fc46,40ced5b5875803a1d5a5e95b8745c1cdc758bfde76bf7dff34bd22403957b03a
DataOnly,environment-hard-18,first,completed,true,llm_paraphrase,1,0.035166,46465,41751,1449,600,75a1c613f6a1307896d7f0c84b2aeaf893d8698482aa556212e2cd0610bf6cfe,3cb922726b87d443da50f2d2e49c3c27c80752cea9d65e13fcf21b4f099a2670
DataOnly,environment-hard-19,first,completed,true,success,1,0.041323,61256,57645,1881,626,8d35d24be9c4e4895b6f0e836e2e5503af1f5f1e7225da081513f5a179e97ece,a29139eb95a53969a59a7eed390e4294edb70133d18622bdecad454a65706b3a
DataOnly,environment-hard-20,first,completed,true,f1,0.6666666666666666,0.036361,56784,52666,1466,327,0fe13150c7a37bb2f318a1efa3d5223e41f386848184e2fa1ead9f45189c8194,fbb6916607ad8e20970376bb2161ccaeaad1bd2d298e88dee22d8c1c43a526b9
DataOnly,environment-hard-7,first,completed,true,success,1,0.034131,56133,52495,1363,547,e7d0b1588561a4f2c50aa0336d5e489fcc032a0c1294ce0d468384a5831340de,c7f754d272acc274c802d48518dc13d055d0a4d9c764e0246fb484d43baf34c4
DataOnly,environment-hard-8,first,completed,true,success,1,0.043827,72384,67305,1684,477,757a544fb65a4bcf5a5638e742535cbd8b9a12e076415470638ef5e9598ec3d1,487d3d170dc3c25b7693448160c0c961599c2ea81f0eb60c541bbe37741bc1fe
DataOnly,environment-hard-9,first,completed,true,f1,1.0,0.100903,157280,145485,4018,704,5581f71f6665d1c75013fff3ab0bbdbee7d95689a1b0767abc6ca6694b83f6f4,c4d1e157630c78f10a35b1488f0d883c13ff7e430fc2a9d4459d6ed97fd4cede
DataOnly,legal-easy-10,first,completed,true,f1,1.0,0.033221,55110,51484,1306,220,0631ecb3e0b674554f4b2b6d3d9ce30be7b692c8876eac5effe7fa806302717b,27b58672199c1e2319c5daf4d1f1f57f4bad08f18b086602ec31ab630807901d
DataOnly,legal-easy-11,first,completed,true,success,1,0.031259,54899,51393,1164,104,f8f8978d2bb30db74d223e97ee561b530857caa16db6d03473bcdd78e5fa159a,125beea2b0243520cbaba2d4e2720c624944669f09210763dd1acf7867b6bb79
DataOnly,legal-easy-12,first,completed,true,success,1,0.017356,29588,28240,751,385,76f9efb6ed9bd91f3d20928e248ee239a710e3a90c54f5c86e29cd46f4b69c9d,36bb5a16a2b0994859cf58fe11e27a3d738327e62a4a249f632794e3b5f1fd68
DataOnly,legal-easy-13,first,completed,true,success,1,0.014094,29570,28252,484,130,07f4d81bc37da01f2bd5e39de71b9e0082ad92d6b29cd856a3126b4344ad8726,867d7b0844e1fd313cd2b6da64c0d08f495c5c553fb8817010a9d43a2074c10c
DataOnly,legal-easy-19,first,completed,true,success,1,0.021372,30172,28298,997,326,31fc57654592e914fcd268c3a05df0773f10a1b1f37b044cf099d57e3463f04d,780e1d8b7efc039301037d6f850524edfa87cec5cd58a2716fdf17dd14c6b844
DataOnly,legal-easy-20,first,completed,true,success,1,0.01467,29771,28349,513,151,6b3bf9c37d182414b2a6d5bed0b5fef35b924b54fab7a6c4386f18774b3ffb8b,86688f8b2fa504a468184b3ed2c17b318c9ca23e00185520c11186b483e9e3ac
DataOnly,legal-easy-21,first,completed,true,success,1,0.023372,39767,38368,1075,787,ccf93c6159a93a28dd7675f8ea4e256113c49f0db55595908f9c8c8563ae1767,f8864cb2abdf41fe1faac835c97bd81da3269389c2ee683c8db9f46473a17c0b
DataOnly,legal-easy-25,first,completed,true,llm_paraphrase,1,0.031444,64575,61701,1113,280,500a01eb77077e35b87d3de58f26cfdad00b502a889e0ae938c750be335165a2,afe648e69dc8fe0283c2bc3350798dcff925887b1c076a8c096f2d37551f2b91
DataOnly,legal-easy-26,first,completed,true,f1,1.0,0.020169,41069,38927,675,168,8603d7af7252d1cc84c7ba098004b44f6ab1769c154b40bcd66f024544e06270,869e2a750c2554e66fa5ef2d79cd3d82a86a19377158809aff03db56b1b48b2a
DataOnly,legal-easy-27,first,completed,true,success,1,0.013084,29897,28150,330,83,6bd429b4eb82dbde94a8ea21063cadb226b352ba831b05504b26eb48dac8c3c8,2f5ac7d0c6ce156d803563cda860c0f7d49709183b949cd9ba734ac9cc1cc473
DataOnly,legal-easy-3,first,completed,true,rae_score,1.0,0.018409,40644,38913,597,104,84360a17f4ad3a035d75b8bb26f8f77baa316fdcab38fd3ac6d5156ae25e83f7,a278174cf97e8fd57782a262549b76c5ece71cff389370dd95d25bef993c1332
DataOnly,legal-easy-4,first,completed,true,success,1,0.018886,40942,38759,564,118,e42a5b579d8aae95248925bbbaf8e0df9eb952a4f1f58f543539a29674de280c,158ceefd013ce3b1a5d93fde32cfd856cafb6c2ab4fc2b57273bffed1d6dd195
DataOnly,legal-easy-5,first,completed,true,success,1,0.014369,28920,27917,565,183,0f60d76febf34b6d08d0cb07f9d73b03b9682cdf8816169f760e1dd5268cd6fd,497e6175d2e0aa979003b7c83206f86c69b4db49f8d290a830469db6758b5790
DataOnly,legal-easy-9,first,completed,true,success,1,0.01766,29963,28248,715,82,d756bb1211382dc97a2a344a453b34b465d5eb9c87747ce27bae6206ec223a36,2fee5bc857397f49aa72db5a8439992f21cc68f374d7b74dade2d2a2330387b1
DataOnly,legal-hard-1,first,completed,true,success,1,0.045063,57332,52367,2055,576,0131d35fdd0635344157af3d31262ab494ebf2815a3977394c9ba505fc41ead6,d8decb57490d8bd8d849acc2ba712cd2aa59793797dfe04cceccb0be5e3fad43
DataOnly,legal-hard-14,first,completed,true,f1,1.0,0.035827,55003,51144,1490,641,354e1d468d5d7fadd8b5b0286489403a91b1170931404f6691ccc671f73d6050,17bdd58ec052c5eb00408bc4b967c816cc348ce3be0b5cdb14b57d552fa1f09c
DataOnly,legal-hard-15,first,completed,true,success,0,0.034283,66051,62197,1178,339,a17375cae75632c3d9d1cbb73572c6dca6a97a8db74781529b350a8f52eb6bfc,e34d4e6dd7588e02071ce4ea089dec36a186ba3b85d4c607f95710d48d0aa3c4
DataOnly,legal-hard-16,first,completed,true,success,0,0.022652,29745,28079,1142,428,e9f49da3597b9b1c8a2e47a6d63517882c25d897304618334a5178ac50fa565e,86f10641312d0cec4c2fc4ecf330911a0c38f1ade9aa4a1f725487d6f887d548
DataOnly,legal-hard-17,first,completed,true,success,1,0.022889,43400,40653,772,162,c072e2c31f0c6b1f7d5ae480d4ac26e19e78218319926e564d8160692c23abb7,da7a6140ef6b09cd83ddd5ebbec0a4ce633cb5494c3458cd8a348da595fe00bd
DataOnly,legal-hard-18,first,completed,true,success,0,0.029775,32579,29417,1464,539,a9d38adfc8f53baf1b5464faa02ab905fd4cd134e481274abb84a549002ba963,50b8630cd8755bfb3086297b94dc8f39fc1cd34e9f5b63217120a76f2f4d8541
DataOnly,legal-hard-2,first,completed,true,llm_paraphrase,1,0.030064,42966,40151,1367,358,d61373db54a35e92cde6d2d6cb102eb7bceffbd6f80d98864a59992b561ac058,06c635f6487a7cd02a15edb72de79876185957f7e1502d8ac4cf4c5724d9b5e6
DataOnly,legal-hard-22,first,completed,true,success,0,0.028133,44654,40953,1045,318,cce27f3f17a17e1f375ef45fc347a6c6869d1e396dfe0e1ec71024eafd0e4755,c0db11608d44aefdf6eb436bb8ed0370c4a1332fc7afbfd070bb3caae49902b6
DataOnly,legal-hard-23,first,completed,true,llm_paraphrase,1,0.025121,31831,29105,1154,321,0654f6e2cf6b7d4284afc3929c0559ab92b3cd7e0dd9f157357cb4d0646d23f0,093ed6fe78de8b9dbb413da9011c2c7dbe2174321d53382c82e059ec59a761e8
DataOnly,legal-hard-24,first,completed,true,success,1,0.035525,59126,54553,1289,210,f32b20e5b9a3884202c2030a8f14663e567dbb279d0980d523e33f3f9bb0a164,b03b91c280dfd117a16c258548914ae272fec435048ea61c9613c99e26e4b9f7
DataOnly,legal-hard-28,first,completed,true,success,1,0.014944,30942,29018,441,174,addd14633fa560cb84891601b26ea674276f6aeefc18c991c276d2c891a8a5ff,63892e1f0e88c1f1aff8d4ae4816841e5c67c1d1df28c0918c79c7858fe819ef
DataOnly,legal-hard-29,first,completed,true,success,1,0.032794,53638,50372,1349,574,8c2f4a533aabd54d5cd65be0abe263460f4f17109686cfdf58181c6f6486029f,6a15fa526e10cbdb274fb47a453d27fc4b7f3c2b70a777aa4db773c7a33dfa53
DataOnly,legal-hard-30,first,completed,true,success,1,0.025869,42745,40156,1055,206,6f929aaf5cda7e2c1836363fd3bfb49ceb9a19e7c6f76df9cf60b473ebef8e59,f58fef89b76f27d609cbb53a6626208ad80380a5bf4f0f11f7dc6ff956d2ebc9
DataOnly,legal-hard-6,first,completed,true,success,1,0.032463,52920,50165,1410,370,ddac32a5352e4aa463d10d7bf6a41e1c8483dede242c5ff8274d144de2130ab2,a59a838eb74f23fa5d5970250c88ba68cb5960c518f1460bd8fd800890d3f43c
DataOnly,legal-hard-7,first,completed,true,success,1,0.020473,40654,38664,730,174,2fd3a159e2c4e5fc6d685d744b19410821cfa795eeac6dfeb1a42a0e3dec0a80,878f6d51d951f6bc4269fb1a0e7f65d47ddb7964d68d2592f895be5b2486f73e
DataOnly,legal-hard-8,first,completed,true,success,1,0.016964,30726,28809,614,113,2260e0c0642bf53d9079c3297e6c30098fdca4c121120b74bf9bf0cf44e56d89,15c4501abcbd9d40d043b328d3c6617fdef90e470669c75889192a75908c6f03
DataOnly,wildfire-easy-1,first,completed,true,success,0,0.027356,51710,48951,1004,217,f9ba01ba7a4ef2da3511a361c0280ec2712f759b61496b8ed0c0d3b424fcbdf4,a2925fe9b3f407100ecaa8ad64ab79b7bb3590ecb26adb6d6cee09f07129270d
DataOnly,wildfire-easy-13,first,completed,true,llm_paraphrase,1,0.015016,38497,37512,462,93,d519712a789dd4aca5dee3ded9510478602fc058f9301988a5a0ef05d09a4bcf,6575cbe8b0a67968481f714a479d8625da3aa176e5be6bd903421ad178e7e7c8
DataOnly,wildfire-easy-15,first,completed,true,success,1,0.023561,42211,39905,914,352,6fd90e2fec28948b92316c6e8ebcc3de7eef36eae1fdfb0b6cbc1a3c52079bc4,ef587a7979281bf5f5c00d814738b8a024067136df152ba134c6e7dc63f90e2e
DataOnly,wildfire-easy-2,first,completed,true,success,0,0.014271,28816,27876,568,73,065df8d76fb73ab16747837169df938eb373380619ab6cdd4b83adc74720d3d5,517a034df516672f8131161755f8e7c9c7bd33761dcf9b9d65758d1b0f6feda5
DataOnly,wildfire-easy-3,first,completed,true,f1,1.0,0.037137,74655,71445,1369,359,c1fdc89f617a25b7d0b79df4f6a9d6395380def6b982d69625740233bb6abcb9,7eea721a34145298f425835fc7b20d9f469b3aae9f1217b31b64d68e28bc0525
DataOnly,wildfire-easy-8,first,completed,true,success,1,0.016335,40206,38505,436,137,7927c3c975a5084a17743075f75d44c02b6e17d3b4eafa70cc6fe02b8456cdba,4d920708391e053c84019a5b0f7c13e01a8557dded3ba9dd8ef3ec87f973cffa
DataOnly,wildfire-easy-9,first,completed,true,rae_score,0.9076923076923077,0.028339,63991,61324,895,139,b4731c4953a380d5d1d0dac3bcbfae05540ce4afa60b86a766ed1ef1c7799d2d,8a1318b5ba2a026e3006c2ac29a78b52936cbee900cd84ab35cd6aec660c3c8d
DataOnly,wildfire-hard-10,first,completed,true,success,1,0.014988,31425,29270,402,62,935211d505e09faee9f03dc01f4008eec26a829ae057adf3a48a0c38f87a7e3d,d8fd9a557f0aed7b0808072e443ffd77bbabd180fbc2456dbb60b0d827781069
DataOnly,wildfire-hard-11,first,completed,true,success,1,0.012809,29703,28294,361,25,2b5cdfbfbae9155dfa0c5a747cb3fdac95b6588c521da592cee7819995cc502b,df189f34d0868734839335f2ea81e67552ac2fe9f535eade253d06ba7485eb97
DataOnly,wildfire-hard-12,first,completed,true,llm_paraphrase,1,0.031093,64054,61124,1084,456,078760f6833432de5a036a8ef33b2d66eebfac4c0f9fc21b81bf352dcca486cf,28b6ccd43de80fea69b8344e49582cf4bcb8dd5314095b4096029bc5fbc80bba
DataOnly,wildfire-hard-14,first,completed,true,rae_score,0.7386363636363636,0.020365,31456,29124,823,221,79e7c4073042fe7a2e7ebf6fbfdf6b8820f98f1bd54edb8d13758f0befc18409,08ee0be999fbf60a606cf6d2af685636dd83c44778c5d75bf94241149ac543d6
DataOnly,wildfire-hard-16,first,completed,true,f1,1.0,0.04412,85193,80101,1493,546,2f96054b72bcae10526b2b2dd2f4b6c84f892c467e4847d1e56e48b3ee473ab0,9c53b157019b8a6862e65c916fcab6ed2a9aad15e73303866baae67de507a5ac
DataOnly,wildfire-hard-17,first,completed,true,rae_score,0.7614431624739929,0.038132,95748,91322,918,306,1bd196ca12b26d3b1c625b90bfcd3bf433299ea5686f0f22c7e7777f08a6c07b,624b2bf9407cef1a03168e9420fe3492b0a98812f097b810c922b84bc0ee27e1
DataOnly,wildfire-hard-18,first,completed,true,llm_paraphrase,1,0.046806,56128,51981,2343,945,d9f3d14d6b1ef8f29a9471a5e9f7182a1758104bbc4a889ca3e6c5ba4bc82198,433c04a92afb433f91e6159a84af519e408cf31409bd5158081105af79f581c8
DataOnly,wildfire-hard-19,first,completed,true,rae_score,0.5,0.11249,124890,116179,5986,3005,a31ab66abf1218501d4a57563bcecec008caaa1cb6414499d4229c8af5e8da97,777f61c091e4e658c912b214f24992f47591522a9b8e6db487e1747c20fe1533
DataOnly,wildfire-hard-20,first,completed,true,success,1,0.03755,78408,74712,1268,426,12ba1836532fff9e4c8c78f2ba2dada3e90b2fcc2dd42a0faf789a8fa6a025f6,7ff325b1e7292c3791172bbd1d728e229a33fdbd7667fa955ab2ce968e5f11f2
DataOnly,wildfire-hard-21,first,completed,true,f1,0.6666666666666666,0.044741,85419,80294,1536,621,7b5cbf93f0c5f893be5fe1c7375d32607f3fff787daebf78f8016ac221db7841,1c96e4b99999bb2775223d41e9074bdbfaca1cdf1dddaddcf22daf30e958140d
DataOnly,wildfire-hard-4,first,completed,true,success,1,0.018589,31682,29115,636,95,01507ff5b5db9a62f2d0c5fc5eada0cc88385281590ff7765d17108da2d96e6d,274f314c39d3e54c5a7bb11c34bc5eb18478f1c425a8484fca08f3167f172af9
DataOnly,wildfire-hard-5,first,completed,true,success,1,0.031581,56137,52236,1111,280,65ae812d0e322e71887a2fbe571a61ea931969bfdf079e74f836db79d3b88af3,45832d51f1714f9bc7f3f9af99349a21a09f52e3e58fc60ad35f06047556bdfa
DataOnly,wildfire-hard-6,first,completed,true,rae_score,1.0,0.033098,56375,51831,1137,170,d707f53d983e170707519f55d033af494143b0fd03d842e820baf6c002324c82,e36ee74056742894cdbff4f7d48b0bc6c3d1c6dd2c46b069a3a6ec44f7c372ea
DataOnly,wildfire-hard-7,first,completed,true,llm_paraphrase,1,0.062825,75417,69774,3132,676,1e58a0f592c6dfaee5fce1a8448817d131104ccbc526f7bf9e13f0b17a215fd2,a9d35edca9dfec10f00dbe56b023f21f218bde486bdfd0ca7dc18350cc23149d
FlowOnly,archeology-easy-10,first,completed,true,success,1,0.010513,29518,28244,193,10,091a802688c512bffa23f0e03ac4223fc838afda6f3ea6605366eaa21a7dad68,51faa2296db519bfa360c52e81a6d12c8583959609c4578b8c1765812be155d4
FlowOnly,archeology-easy-11,first,completed,true,success,0,0.014028,29776,28331,456,177,533e1b895215848d271c9bfafa98c69a7da03afd0d631d8325f3f54d61fc9d5a,17cbbbbe5dcd0105adcfd518ff8934304505cfc58791170ddf3052080c35df5b
FlowOnly,archeology-easy-3,first,completed,true,success,1,0.018246,41234,38852,476,79,fa14d2652863eeeaa26800de31adace0c41c510835c4357cb6c91f33fc92594a,e0d517a9b5f7fbb177fcf2ee232511e4a58efa59649451ac43202cdbb02a3c31
FlowOnly,archeology-easy-4,first,completed,true,success,1,0.02883,66761,63429,790,267,4c90a3fd4e00d77f5c5dacf1379485955e1ca145a9dd233de7e6dbc79d79e431,cebefe7fb28e52b2f4a368884b2ca559c657d3db4fbbc2b0eebb0e543f909122
FlowOnly,archeology-easy-6,first,completed,true,success,1,0.017464,41232,38931,423,16,e33c4fb0589401ff242ffb82a8ca221f9d8769eb49dfdd9ecc35c41e515eba05,4b7f76b235e5efc4f5ef8006609355b6bb5090820728552869205d403a5fcb56
FlowOnly,archeology-easy-8,first,completed,true,success,0,0.010977,29146,28113,274,78,1a12c1475c3fc095003cadef045608983d71e1780aefc7f1a4bcd8a1271a35bd,791552aff49bdb74e2f39652f9b279cfcf1e2191d064ac7e4559901829bad8f8
FlowOnly,archeology-hard-1,first,completed,true,success,0,0.06501,112415,105009,2433,903,698a740d6c00702946b56a98cbdac2a5e139e4997f58a89835efe9150898d1bc,2642d97eccdcd861bb644bbff9d227a98267674053c064081e91651d7c4569f5
FlowOnly,archeology-hard-12,first,completed,true,success,0,0.021373,31698,29126,867,288,3db0c659865ea2012366e87ccd8a66ea200dfadbeba2a7080681aa29a0242e59,8cc5445963484daefab424db3fac56fe6855b4e5f1da7a82bfcf59472a8e8ff5
FlowOnly,archeology-hard-2,first,completed,true,success,0,0.052197,94297,88996,1983,808,a039849b00143191c9510fbd81c8e584df8f2ff61403fe5e73fbcd0f064f7676,e415cd3bc0551b53dc26a4bd52ee4eb1a3f76f05ae47d38eb4ab2a140c7c4f16
FlowOnly,archeology-hard-5,first,completed,true,success,0,0.061348,104866,97142,2206,698,3f56f330bcf8bcfd54051db25b1d232e90f239d5fd2223977692853d2776c809,1e158f1f846c9dc5f61d1d9d8d0890a4e6d10f84efc4a0bf24f384d5859e2c6e
FlowOnly,archeology-hard-7,first,completed,true,success,1,0.042665,56242,52675,2083,742,a2bc7a9fae067ebaa934690268d33861da41693fb771c47514633b5ec604616f,b9a8dcc674d00c259977d0a61b439c8bf74f75ecdd05a65a4ec44fc665c191d9
FlowOnly,archeology-hard-9,first,completed,true,success,0,0.030504,43633,40768,1385,413,fe9639880aa843135d81436c0f865bb04a471bf0aec7818fb2b13430bb513147,a69fd0d07bb50de06cc1643e66b55563de86594f887269d76c15dcf66189258e
FlowOnly,astronomy-easy-1,first,completed,true,success,0,0.034057,52344,49813,1586,973,50cfddbf714d2049050a0ed96d1a5f2fe70e3a4625e99425d3395f4376148527,197595611e8efd2a7f24f5e5deff5450979295c8673558801cdcf98e32079d96
FlowOnly,astronomy-easy-2,first,completed,true,success,1,0.017329,32394,29453,463,52,aac83118de50a04d326f4980cc12ad863c139849abd3ae7eef90e0cd6c04f08e,1eadccc011e5a798e2ac82dfbd30930bae9c3223257b268b8a5f734ce8e12e08
FlowOnly,astronomy-easy-3,first,completed,true,success,0,0.042962,60479,54911,1737,743,a3ca05768899aa36d779a38898e5d213ff63deec9ce62fb9e4395d0ef4c0a930,5a18a625854f197616de51102c5329170b2880046e760d3403da3d8c5ab58c18
FlowOnly,astronomy-easy-4,first,completed,true,llm_paraphrase,0,0.032165,53523,49927,1249,359,946d70fb97b81559475d58cbcf483a12d987b8f6783f602dae4230b75954260c,5e532b4c1f148a3c4f461b6b999b797de882fc0ea678e5b2a84be445b6093a84
FlowOnly,astronomy-easy-5,first,completed,true,success,1,0.033825,54596,51504,1445,679,42daf282a844124a53b208dd1040b89c78f6674b04c2ce9dea71ac77d50e7145,651d7c68a8e3c42bc5ff2fe0b6728dc5f559fe121852b6a5e647aeee7c76ee54
FlowOnly,astronomy-easy-6,first,completed,true,f1_approximate,0.0,0.020707,32615,29575,726,176,64166bfcb0dccdc485ab9d8fe1e1ccba764f1206587196363db16a5e21b528d0,dd9692661a49cf9b4b75762ab29ac27b21b9f1f63079d1742188923c9acf57d5
FlowOnly,astronomy-hard-10,first,completed,true,f1,1.0,0.093012,109869,101690,4693,943,de157af8355a779032534cd5e4ba29c614d5bf652c1cdacdb1e596da36d36a3b,af0527a5a4b5aa60970d5dd21cfc3a1b09d9463a804a7a59d9db434221989cd8
FlowOnly,astronomy-hard-11,first,completed,true,success,0,0.129742,168226,156699,6279,2520,839ac73809582a469ff097ea7015692651da703a0b3df4c7be50eeb687f4dffa,71effce089b7b637e5c75db9a0dacffb50c8038d37be04ca2388bfb669079f1c
FlowOnly,astronomy-hard-12,first,completed,true,success,0,0.048645,57887,53434,2421,1066,b7305b4012129963af903f430b05e010464d3a43938e93825e09bbb556785009,3b1e744d69ccd9bc0dd191532a052b8ecaa2eca704e1330e9a0a3d269fe993b8
FlowOnly,astronomy-hard-7,first,data_readiness_blocked,false,success,0,,,,,,858462549269b9705f9bc107351154aa5edddd9135b273c97f7aface23a557bb,db047ade2dde416f9c32dd7fc2383c3a6bbe4d4361c42c05d3b10c1fe9e9b114
FlowOnly,astronomy-hard-8,first,completed,true,f1_approximate,0.0,0.067861,74034,68426,3580,1318,27700e725b8c47c98e62bc805214f55b5d912cabc9d9c86a2c73085a8642b651,399b4a551a308479bf04a04c2c8690fea32e3c2694643c88e5362b7e43ff9149
FlowOnly,astronomy-hard-9,first,completed,true,success,1,0.089425,174380,163995,2988,1076,9cd9d95b37c0d7e2853b6136522804d05920a60d532064d17b7edeaa14063337,0d1f02ac564815bf2109c08559ad6df63e0aecb69d77b2f749f2ada4eb898a20
FlowOnly,biomedical-easy-2,first,completed,true,success,0,0.032272,76002,72511,899,306,aa9f0ba55db471cdbca39ba7694954326d069c00afe15c99f324c1efe0733b03,0e857ca7accbfaa20685cd032f69148a110429841d6b21e6d7cb7515276d8661
FlowOnly,biomedical-easy-6,first,completed,true,success,1,0.022944,52061,49179,612,141,3a621dfd81b5311decf4e81105f1392206fbb758ad1a13c6544672b72067e5d3,8dae3d1af848cc877201c12c35e3efeba3fb779f23e5acb68d80fcd1306933a6
FlowOnly,biomedical-easy-9,first,completed,true,success,1,0.036364,69625,65959,1320,559,7eaa3d5be405301d3af424c96e453a5c9e937529773bf08cf798d4ea22373c55,8e2d0ca5855b277dc7cd73e5c71c8029757b8689e1526b477bcb284b209471c1
FlowOnly,biomedical-hard-1,first,completed,true,success,1,0.039287,68190,64174,1535,430,2e66586c0299bfdea7d356e387bf883993319921d2aa20a78085e1304147a209,a9b5cd781af959d5ba9fcec6f65ad2e1eabdc1853f81318fcb11b6aba381701e
FlowOnly,biomedical-hard-3,first,completed,true,success,1,0.046486,108919,103549,1253,339,f1d2ce39328aee6ec3fe4323e41b5def3207d66e6f87e19001925dca1e1b5573,43e75dda4e1c08f8293bc6dd08b2951e40e7a0e977b7ecbea76b7c483c40ba8b
FlowOnly,biomedical-hard-4,first,completed,true,f1,1.0,0.058375,94885,86897,2085,477,480c457ca6e42bf9aea10231ceb2272d3848474c34a080466d30998ddf439f59,fcdb2464bc7bc52d2470dac2678ce0ae974ee1799d62aa91cb8798aa588abff7
FlowOnly,biomedical-hard-5,first,completed,true,success,0,0.035132,80279,75828,922,240,4ebab59722a0e88d4ddfc2852ea98d490da744e9e1087f141b585439e4f9c3f4,95baa6332ac312f3912a0c842d7f22f1ab9585928d2d73af526d644a457f5df5
FlowOnly,biomedical-hard-7,first,completed,true,success,0,0.009021,29481,29045,195,34,98adbcc97aab5fa44e02e7d66ef0fdf103bd502de6b125578394cd6ce9e4e059,8347f889fde2bc50006b3c51ee09db0e58473cce6050667e3c8f43b0f08c4872
FlowOnly,biomedical-hard-8,first,completed,true,f1,1.0,0.024489,45767,41974,709,189,a01c12cda365cca6d03d51839f24fafd128a782650222bda6f18ce95d8987ac7,7303bc685c134963dc99147a73d20e438910f29495679ef4858b15e56f16719f
FlowOnly,environment-easy-1,first,completed,true,success,1,0.017981,41158,39015,491,106,ad6ed1e5a19cbecd81e817b8876961b6be4c9274c7bbf5290d77c0523262089f,250b92bd1588da1015258d195494213603ac3a5f350d1f2089b15e784e3d3097
FlowOnly,environment-easy-2,first,completed,true,f1,1.0,0.037275,54699,50755,1603,495,524c0e86316c730c3d489f898a8de4b199f1c357dc9228044cd7955a4b5b51d4,1d627686a35c94a9b629b3a55e785856ebce5e9c5dcadd1c6e55536038f41fac
FlowOnly,environment-easy-3,first,completed,true,success,1,0.02192,31475,28768,896,263,56ddff7d8ae5cd9b5759c14b8c807cd908762ab18a3317a8aa40b11bb253d97a,709406b26e3446186e17b2870433d857a3ff3c63542dc0ee5ca518be459ea331
FlowOnly,environment-easy-4,first,completed,true,success,1,0.042902,92920,88070,1299,334,4915d26f1eed0221b6942a49d785b9778abfad9152ce01101a98d4e0b2dd326c,9de8f527c12b026e343c113e128d4cbcd7dda28debd8beb8e581a9f2b9d31b1f
FlowOnly,environment-easy-5,first,completed,true,success,1,0.016218,30947,28449,461,65,cedb662c5fc56b5d5c7bac469e2007dae585b210dea7edd3c32cc043abb908d4,a0d0dda8b57b26f6c154a1a2570adcf4e5d4bc60f38cb3791eada4dc7b364d38
FlowOnly,environment-easy-6,first,completed,true,success,1,0.024893,41709,39354,1026,462,ee360f393fa625a42177b1b5dc8e68ecc54fde574705503bde6b15634943a89e,6bf5c47ae7c1b156af6e5e39a10df8b74312369181947bff26128453c46ffb4f
FlowOnly,environment-hard-10,first,completed,true,success,1,0.038647,58918,54587,1589,845,14bd5792125d2900e70ca97e838f650913014abc5a72b6ef182f21331c71c033,32a6d5fd6e5698a9a7d48868c4758156d5429640ee0d1c442a747e7c15db0594
FlowOnly,environment-hard-11,first,completed,true,success,1,0.027667,52184,49505,1034,426,f206df20652e8c451cd8092488f2063bde37396a614f2f9fdc787bdeb1765654,c16d67430af0cc5d1c28cc6277181029e671443348c0451c2697e563f0979298
FlowOnly,environment-hard-12,first,completed,true,llm_paraphrase,1,0.060349,74895,64923,2285,299,e51f2fb3cf74910d205db4ad726daf7e6ea0818e0bc9121eda486be853df4daf,787f9daadc6e2ec42ee5348feff879166ea543c9c02396eb5822f337a7dbf1f4
FlowOnly,environment-hard-13,first,completed,true,success,1,0.02736,52410,49340,946,357,e67afdf67799b629b74b5699c4d5ed0c6c1d67fb99e82d4341aff0353ef370dd,33e85b8e48ae1b54b0da2d29ba457c09a157f17abd88856186e62b713c455681
FlowOnly,environment-hard-14,first,completed,true,success,1,0.062817,75643,69576,3064,630,fcfdc49cecce9f04f89c7e464f7132348e229eab57cd04b2f404035267833924,90eb8e3aa58fa460c4aa09a9ab80def842df0ccdfba0cfd4e0649e30a71fbf86
FlowOnly,environment-hard-15,first,completed,true,success,1,0.022207,30963,28213,922,223,349ca65fdc34889a4d8cbdeee7da21f5adead553d00b0b20cd05d2b0ebbaabe9,f2f0e88df37001404941947ee730a583ed7a242de84b298766ba7f5bd9932b6e
FlowOnly,environment-hard-16,first,completed,true,success,0,0.032649,55418,51604,1225,591,be447b76b73fa866b0c966814602895095c12dae24272a66af79a87154c8e1a8,a32e95d326c2fd96605aeebf101cb10d25c88640ca72f569622b890ffadf96ee
FlowOnly,environment-hard-17,first,completed,true,success,0,0.051474,77080,70161,1967,826,09b6c1e3be8c847808c73de46a85d0e8f6126c8ae15009bf4fe573a7ac6ff45b,34b0edb9819a78fb572907da52f7ecf569b863eacafbfcd65332a0212b5d308b
FlowOnly,environment-hard-18,first,completed,true,llm_paraphrase,1,0.045203,46302,41787,2318,498,ca50023d6be0c5a6918ec8f8a67be66d793be53d4369bd630932392a71fd6b9e,797b3ec91b33e45cfb907e83b8663054af61360465a113011acbecb2f3e3ea73
FlowOnly,environment-hard-19,first,completed,true,success,0,0.053223,64409,58157,2424,816,c3f23b741e64aff3d78857855a6c2792416e08f76cae988d8d70bdb95f2501b5,a386d2590ad7066ce0d83c5a307679a428ee1ae1f679adfec4323c26f6d9ab2c
FlowOnly,environment-hard-20,first,completed,true,f1,0.6666666666666666,0.031044,45755,41352,1164,443,3332de4aa48fee96564e19b071e5eea6f4095a50f0073b0ea6e4ef32f02d18ed,35fc9206ca838ca929a3f131a99953c26b0376cd4cb36d43c4127a475d8d9162
FlowOnly,environment-hard-7,first,completed,true,success,1,0.027151,43128,39876,1056,428,20d55e37451b7692fa2daeb6ec4ac559b3449f23df5350fb9273313f98339f44,fb481e022f6fad6b6c414c3b7e5e9edf1c927bf043091b0ebcb676ee4175d486
FlowOnly,environment-hard-8,first,completed,true,success,1,0.044902,63162,55201,1495,393,dbee52cf73e6b5231746df7770016f70f572e4d0881abd8ab9a1514a9a4c697a,549525381bf2d2f53ad7f5b70fe651a1004203d3f29e40195c90f92807d1c0e2
FlowOnly,environment-hard-9,first,completed,true,f1,1.0,0.051874,88024,81719,1910,506,95dd329949af731ada464f2b36c5c5ce6aebe0346f90137d8fe11c18313597da,286160bd281b4f2844eedf93c48150679246feb3d1f82eb428b0e8428db97852
FlowOnly,legal-easy-10,first,completed,true,f1,1.0,0.018565,30203,28325,762,121,6cf6bc7901c27b47f73a3b8d824b0898c914d6b641f231e21e92e5480787d81c,77a7fbe2088958e43d2e1a7196da451b27ef5c2e11da5506bfa6f0aaf1b3fbc5
FlowOnly,legal-easy-11,first,completed,true,success,1,0.020338,41291,39100,678,129,7023f31819bee80b9450e6aec26bac2c98f79b293228fbc0501a8c8451254f3c,d3735d1f7d65ab0b02c9543b309ce09175549fb8b2e991745eae0d8a1f77129c
FlowOnly,legal-easy-12,first,completed,true,success,1,0.031508,63971,61068,1124,341,97ab427d6a581876ba70cc63648adfeb30df5bdeb5f4e8e65d3ed2f0bfcf7c95,c1ebf27eef73789303fdcb2a7a78b379f9eb8d06b345b3f9d303a4902e5a3f5a
FlowOnly,legal-easy-13,first,completed,true,success,1,0.030102,53973,50640,1109,270,36c908697abb0d64c8e730ed40094a73cd3ad1af9729c1e454a225032952de17,4da3f7e03358dfc20c105d52b1c2bde1e3e77aa7f52835c787df4d9808326fff
FlowOnly,legal-easy-19,first,completed,true,success,1,0.02581,41541,38938,1068,351,463c0a66f2b4dca7c441f5d6118d006b112f5ed477ab2b256a473f07ed31deed,ac490ac5bfc38aa458a71ace3594443d61cc01be8bcd59172a26dda83eaa36c0
FlowOnly,legal-easy-20,first,completed,true,success,1,0.020726,40940,38928,743,188,566973465bb4c80ad7f73ffa04c6e445b355d6598175e0c8431c5b65732b6397,34bcc9fd2d558a9a95933ab6cb9b1bde0dbd8e5490b11fb30ffa83fdfc2046a0
FlowOnly,legal-easy-21,first,completed,true,success,1,0.025104,51206,49162,932,500,79d8a8468013980d8d9b7d2eddbf9ea04f732a1baf0f8353f665a53484cdd778,31b4306aa64512f2fb281d4e5af7153945b68fbbf8dc6de718b3fbecfcad895d
FlowOnly,legal-easy-25,first,completed,true,llm_paraphrase,1,0.045344,93291,88312,1477,445,ab4c2b70fa9db7cb78b9cb480cb78c565a81885df847966578fd589ec487faf9,f59fedbb1439a51923073dc8ebcba7bfea808bfe850c708fd9d3965321152c6c
FlowOnly,legal-easy-26,first,completed,true,f1,1.0,0.026567,53349,50317,870,315,8515dd4bcdd663f3b615558c6a1498745a1684202c22dd256685467319d56eef,3e49332778888da810cfce1362ea1e601b77ebed812df12d34d66fee08d39d06
FlowOnly,legal-easy-27,first,completed,true,success,1,0.019089,40505,38647,637,170,1bbd38a23bf54154845dc68ea0e2fdce6d8c4008d6894e965011aebaf150e481,b733b928ed0e792ed1810b74074c410c96135f5f060d820c9917879c3de8d651
FlowOnly,legal-easy-3,first,completed,true,rae_score,1.0,0.015798,29927,28189,557,182,402a87ebee9aa686af53fbbd2635185a4626df46cf496e843c040616de69dbdd,ce6f4d1f65883d0cb87cdc0fed9534552d3f6c7b14cf38eb29a71adf76c43959
FlowOnly,legal-easy-4,first,completed,true,success,1,0.018124,41327,38950,465,106,7ebe4baafb5fa9fd4f7f65710a32af86b873d0321d1af83c5a6ae83251daefaa,8a8392c533433c22ebf496a5771df6fe9e0ced19a3935f101fe3445522457702
FlowOnly,legal-easy-5,first,completed,true,success,1,0.029093,63489,60607,934,201,135e40612895448a43cd0cd29f1f1f3bcd4175abd44b53b9e46f05426292e9f2,58930a83333543a3a3061f773e0d9bec23aacc74ed69212e5f32344865b5858b
FlowOnly,legal-easy-9,first,completed,true,success,1,0.020072,29949,28139,902,175,85a2c35a8ca375af69a38d1602f800ecbbe390dee2145a5517b1ec70bce58f6a,4dff8937ee4bc502977620113cda50703b410904bea395119a4edff97490b463
FlowOnly,legal-hard-1,first,completed,true,success,1,0.051077,71196,65784,2258,873,12c49911df85d7949b9f5882dbb676e91f9f7fc702c326ba04c641a5bf95bbf7,4f4e3f0e0645fc4b13ed01534d12fe333f216e660dbd5cbd3dd4173a006da46c
FlowOnly,legal-hard-14,first,completed,true,f1,1.0,0.042849,70490,65437,1638,489,612b94a8fe2b05a57bcdfedb1ddd7ea8fb9b81b6201edd44795adb53138ac59a,2914cf2b467845b46688af3f63fa25d7fc7845ff78c8d808db5ca64f14a0d9f4
FlowOnly,legal-hard-15,first,completed,true,success,0,0.016217,29976,28117,573,228,456081dcec4f95e550a68e3e4aee7211eb5e5b298ababa6ce21ae6c84c7719e8,aaa692bb37c5e45ab32a2a9d4a1875f4db6f0b34ca0581848c8e49c33cdb949d
FlowOnly,legal-hard-16,first,completed,true,success,1,0.025621,41513,38805,1037,323,75ad40aaa593cea87e94efcc269a369d0f1a203d09d226dae20fb7cd039710a1,f1b504f2e45b37cdafc2f9476c3d8a38a894692322f88bad138ad2ccf01bf7ff
FlowOnly,legal-hard-17,first,completed,true,success,0,0.020802,31379,28909,840,195,6b0281ad8f0f09d6dc4cf99cd6101043a34de7b565192f1ba32fba6eb0ee4fd8,511ef9db11c7a8d91ee3ac75c85f6609b5cc366eb50c5bc4259459ed229deaf7
FlowOnly,legal-hard-18,first,completed,true,success,0,0.043677,47801,42347,2025,779,7d77c5e52e955783c1bd0660f90e5b88e2ab9645c0ea01d3ada3bb05312d5f1c,d5eb09aa030537fcadc6b6a0c1b37ba8877abc792dfb05db621586d7cf3ffa88
FlowOnly,legal-hard-2,first,completed,true,llm_paraphrase,0,0.035358,55679,52089,1480,507,e04fc048a878efa48aaa27780ec15b7b3ee7aa97d48aed19e43a72a77bec0b3c,b679bad22fc2155c24d20a25b35c4892f268ba1b85bdbf9a6142d457de6de08d
FlowOnly,legal-hard-22,first,completed,true,success,0,0.029495,44191,40795,1212,430,9f45e0aa20c38fc6ee3733c98806e50fe7f9aa63df0060a6e2f533a20293684f,e1fdf0846690b50a1f92d589ad1557dcf4562a5c813c32b81b33d7b8f3d824c5
FlowOnly,legal-hard-23,first,completed,true,llm_paraphrase,1,0.04014,58854,54140,1657,383,7a7621ddffe2a41e53fbbd65672ba98c922af829fe56fb51b4971de2ef1cb754,92109670f16c6665379285ec8ff0b90792f399ba0488a9df710eba73d37cf930
FlowOnly,legal-hard-24,first,completed,true,success,1,0.045985,61197,55963,2027,497,5f1a9dcc59e47da469c717069e4c7a172b8d986d5d212c970096a048017d12c7,ea396038fc2ec15ddcc6bb3ea33f2aee89538079f7c21a880ad0709558321bc2
FlowOnly,legal-hard-28,first,completed,true,success,1,0.031138,55341,52058,1180,382,03605b0ace3ba2d7b79a3266b299b9cf2de474f47d4afd4f1c99418b5ae0ab49,837de0019cc1349f9b883220941785715725aadbc2401445b46ff42f427a7571
FlowOnly,legal-hard-29,first,completed,true,success,1,0.043915,65808,62196,2021,891,e301d172ba3953378e2a7d029428da816fb118a65a2b215da8d8e86f2855674e,7c225f20ea2ae969114176dc74ce8189ee6e9ec6880c78a8a9ae72cbb2d8fe6e
FlowOnly,legal-hard-30,first,completed,true,success,1,0.032526,44304,40870,1457,317,70f17d987631a16e885a188b37cbee053e6be26e74de7e272451f9fa65433ee3,9f5186b930e1b61f4ef676e22be8a553098b1aa4c713a91020b048e959a61bc9
FlowOnly,legal-hard-6,first,completed,true,success,1,0.015362,29630,28088,555,147,a1766b1590e3bfcfb42d63fe9a8d87332444c6a5c9ac7a7c345c5f7447d1fbb8,ca30e208e379023914e7913e28bc1d672f3f349c9ac6ff87f39a3fc665c5aa45
FlowOnly,legal-hard-7,first,completed,true,success,1,0.026847,53258,50847,988,202,a3008129f86f2eb9f58036bc6d53e0048105e8599a950788030095697e937bbc,86f410622ecbd15a106a332b81cc1da3428c3f71ef20cecdd59c568e74de1a02
FlowOnly,legal-hard-8,first,completed,true,success,1,0.030216,56449,52408,971,178,bdc3cb90c05be40a6bb62dc0532d6639b4335447b111e13a343ba292f4eaa361,4c54dbe7934dca5212528e7bf63419176a5a6d3e5c118c10e035349a63a94f61
FlowOnly,wildfire-easy-1,first,completed,true,success,1,0.015774,30101,28189,526,8,d4597929fdd58558aa2892d405d8f23994e26ddfb6952e7b8fff9d0ab75015f0,ef8ef4bd13cc4a6a7ea33deeed9df386c51c8940a3c848d4e3e44b693956049c
FlowOnly,wildfire-easy-13,first,completed,true,llm_paraphrase,1,0.005173,18732,18726,118,43,6101b11547a45f22778378d0a1b37bc94074b505819b9ae343da5af8a44ec4cc,9831b93c78bb2b1d2a528a498ee0b44703062af58c3e75dff6a00b96681fe6ca
FlowOnly,wildfire-easy-15,first,completed,true,success,1,0.033374,66083,63018,1220,567,40085d8a9573cc487f01a74ade39a06a94b7fd3493ff65ad32c13dd900d3c37a,ae142d5b366d85cecce79f09a06aa9922b9f9fbba0f231eae5a0026559671677
FlowOnly,wildfire-easy-2,first,completed,true,success,1,0.033176,52992,49869,1413,352,aad0919b9e09cd2f5f75cb748a8bed77f05046cfbded0f495e8a272f96418a64,c8eb8276028ea02e42e4fbb37bd49c54cabb6bff87faf5452e44a943fdc3fca0
FlowOnly,wildfire-easy-3,first,completed,true,f1,1.0,0.069973,115771,110574,3122,1159,ec8af02b64ec83c253a06050922d82c6558f2d04b665af3bba0276b36ea42559,ff6d95d584f54a40a6c0ce19e6b6cdb56ed9958a273baad073c6315c509b1c17
FlowOnly,wildfire-easy-8,first,completed,true,success,1,0.017534,39883,38360,568,204,069facf5a43da19cd7c46520d096381aa57999ed9560b10e9e3790a9a26b7b44,d6ff06466ede32d14d8d039b3be09d521b30b9060cfe96cada3e8efe912d3188
FlowOnly,wildfire-easy-9,first,completed,true,rae_score,0.9076923076923077,0.01511,29726,28221,538,154,0b34420708e98b82ed4dee5707f0fc9cb8d12b1c8cc0ad7b03df03758d9351ec,7fde5c2ccb2c8535129f7bd51f6dd178cebf915363212293de52716d651babba
FlowOnly,wildfire-hard-10,first,completed,true,success,1,0.015891,31522,29216,453,69,a9422a8e13856b6964886a9663d47f27ea8e661e46e2146dd8cebfa47415c4a0,2596885c5d0a6e80e48c8c12af6ba36206930a8869af26436c577f45fa4f013e
FlowOnly,wildfire-hard-11,first,completed,true,success,1,0.018072,41288,39029,479,82,0d395ca154ec8a0696857d1ff2d5f93cb2ddb1520c244faa01b2d7a4464a5716,cd49669385266897db2cd834cf9ee127008c142161d909f5ee9063f893a95aa0
FlowOnly,wildfire-hard-12,first,completed,true,llm_paraphrase,1,0.028495,64843,62404,928,368,e123e5fc6902061a661260cdd5fafbf378ee3d7271c6ec4c865663652c51fe55,388051a8b493d6cd114c4717a070ad88be8a77b08ac6279ba52f17166e61f6fd
FlowOnly,wildfire-hard-14,first,completed,true,rae_score,0.7386363636363636,0.01899,31271,29009,722,127,d69d55603e6fb674a69e4431d634cfbb8438aa4c75764e755a1a643e36181fcd,c5412caaa08a672fbfc702d05e1e67e2386a8648c6312263b381d5aa925ab569
FlowOnly,wildfire-hard-16,first,completed,true,f1,1.0,0.043741,86841,81363,1376,417,c3793e04421bffb74a42fcf1187f98ff0133124fb38bb60da8bcad7a12dd720e,65141cfc4e4a1dfd6a177f530b8605ed4ebf782955e620d3a5714d8c40509208
FlowOnly,wildfire-hard-17,first,completed,true,rae_score,0.7614431624739929,0.02127,54662,51692,416,59,52dbb4a387d7438fef26132392d46fde4774e28c0b2c44b077321ea97b2ee8a3,e46fd980058e98e0fb2ad30333947057d1c283b57cc065921825a0e68c8b457a
FlowOnly,wildfire-hard-18,first,completed,true,llm_paraphrase,0,0.027696,42707,39872,1171,461,5a37400a88a3351d89b6334f18a3d5a80b2fb53087102fff11477e6ab6d2a338,321b9d70c79ce608bab05c37f8407c96051655e4e03993318bde32d45b145fa1
FlowOnly,wildfire-hard-19,first,completed,true,rae_score,0.5,0.071874,92713,85678,3389,1247,d6dad83d24e9de08aa9f1ac3e0d58f9b21888e5e8b29da27a4ed921546a9659b,cbb253c2b88c671136448f680d8aa3b3ebdb4aca5a812a8bcf7eb60adfe0de85
FlowOnly,wildfire-hard-20,first,completed,true,success,1,0.031754,56442,52759,1153,404,acb6d9593d4829800f4f98c7f3b2e1726c85bdf27f1e6bc200e4c2f1cdb254d4,60f18604e0400474e9417fb6f8dc09f2541ce5ee5ff1c1372e600497a0ed2e85
FlowOnly,wildfire-hard-21,first,completed,true,f1,0.6666666666666666,0.055216,102060,96291,2035,884,bfa25feede64ded322781d0a800768ffe8acb5f1be0bc90ca36b5fde9124580b,2a496aafe06d352697a48fd511b5d7a1766274c9207f4801882af0b9995fa488
FlowOnly,wildfire-hard-4,first,completed,true,success,1,0.020519,32040,29094,734,92,3b2cd834d7c15dbe1492dd0eb1c2a429b930196075ccb4e7f16fb071940b83e6,7f04f857594db6a28608749d5cfdccd5715c74b2c7a203655168988f3dd9fb91
FlowOnly,wildfire-hard-5,first,completed,true,success,1,0.03665,69680,64828,1165,345,0d5fb18aecaed4aa4f8d164dc46262ebbec7be0f4336698e0a22428b5dc3e7c1,3288cf5bdacd55569996ad7493b287d8ddbe6efa994a51f3cb62f54e72517d1a
FlowOnly,wildfire-hard-6,first,completed,true,rae_score,1.0,0.037109,57069,52267,1421,451,923468b207227a41ccb958c44905a70a1cb084a6bb953949fbc808b9fbe5bb39,e9e3dff03b64d78b3510b6ddea93fe3d55e06e02a3bd8a053c265f5506e04d39
FlowOnly,wildfire-hard-7,first,completed,true,llm_paraphrase,1,0.043052,46811,42281,2128,197,0357805458a10593245497db6bcb4387eb72afe948994b203bfb58ff5a7e5016,18670adc551e51da1db39e702e2bf40bdd4c759c8dd8776d662f940e69c89142
Combined,archeology-easy-10,first,completed,true,success,1,0.010672,29095,27899,225,45,c0584e803927db8916f7f9c2f20647851ff17883b9f41b5580fb8d95662d8afa,d084e4b72918ae46fed69fa899e5088b4ef17d940d4b3744b285417ffa833cfc
Combined,archeology-easy-11,first,completed,true,success,1,0.015106,29352,27961,561,291,766197ea421f96cca0657cc27a174f40e3568ee8764c93bdc17302a05708d174,ac7eddce88573d5f9661e8a22ad9e454ac7d55f7c41686437ec3a3df58fc830e
Combined,archeology-easy-3,first,completed,true,success,1,0.018554,40516,38630,588,70,ef0038c18ab97cb14539e27b0a553871de69b072cfb3bef46691bb33cc98f91d,b54e744251d275682ebef65d488af019cf6cc66f696125868b125023186654a4
Combined,archeology-easy-4,first,completed,true,success,1,0.045138,91706,87599,1617,621,dcf20e87bdec7a0e1a76a0e44bd44ac77a81581528babcb6c7d68d8984c026d6,767be434bd0a6f44539b32fdb0b664ba6654c4101100ac1e727bd860d1393971
Combined,archeology-easy-6,first,completed,true,success,1,0.010781,29187,28054,242,9,f58a5e10acc93c0ed6fcc938981876b60359c4ff17c65eca30d27d09af2fb8d5,9a025c99d120cffc5efc9df15787387fce769d17dd8733495d51cde32e5408ab
Combined,archeology-easy-8,first,completed,true,success,0,0.012601,29151,28043,398,149,50e8ac09b06d1bd5a37a0a0f0d647afdb9b05a648668904ef65d583d1df6e270,700b56ab750da42cf1cefc5cbd49a8035b81be53c8ff2883d14831cc74af2d89
Combined,archeology-hard-1,first,completed,true,success,0,0.06268,111937,105312,2364,1077,e0fc3b1a27b5d00db832451bec928a4d5fe4ebb6d9de8bd1d1dd3f0f48be8f76,78462b665b3627860eaa79abb3f1bb8a63390003fd3f07b2023d676238f325e4
Combined,archeology-hard-12,first,completed,true,success,0,0.021727,43262,40345,652,341,0d75867db217ef3c96c0ad2ec8162f236fc6e9fc49f543f460318589bbf24fbe,9f39d2367b2d8a38e48501fd8e91d40c0e9f61c95aa44513c073b27f4ab6af79
Combined,archeology-hard-2,first,completed,true,success,0,0.031644,64531,61148,1054,320,7674d287da5fa967029a5e90491fcc862faad82052456c1e1321b878ed9fd8d0,c7c7ebc5ec8b1523724f7e0e445f17b411ab5ea30a7fd88b9059e0302124a980
Combined,archeology-hard-5,first,completed,true,success,0,0.063424,104277,96761,2420,658,343be0c3fd925e4367812ed4c9d2350bad9a9ebe1b6e4164d27f8193efca6dad,29dea018a2a338745bf49e6d297d8997f6a1e2ffe6e5bf3c8558a27b7842a94f
Combined,archeology-hard-7,first,completed,true,success,0,0.029134,42374,39630,1310,516,05e95d753efdd4c0e59d189b1aa71460a16e5553ae2858ba56784f989e106d1f,0eb51b4f68053fc842236bdf12c4eb63f368852fd5385b6cc4db8ab29db20c79
Combined,archeology-hard-9,first,completed,true,success,0,0.047298,56318,51872,2336,662,bba1ec068e861a44cae595e5e18707e5dd0a9d181a34e9a918f1e83159cca730,191730d612d3c631d37b03e6352a56503cfc01e6aeea80ac9bf8cd3e6f333511
Combined,astronomy-easy-1,first,completed,true,success,1,0.036,74719,71581,1284,399,4d96de192e89ea628866c85e10dc46506a275f77be888a48880ee273d75e43f7,820a34e5bed7f50e0fc30e1bdc50f8a950e59f1e3f01e03a54525fb9309265bb
Combined,astronomy-easy-2,first,completed,true,success,1,0.016824,30829,28801,584,34,4cdbe7804ea01598e449d3c2e98051335e87859f7868df2e986659681527df67,6efb7b6e4e1f2f8550bb49ee11925303bbdbb1a20b31f3b8ae2afc410f58620f
Combined,astronomy-easy-3,first,completed,true,success,0,0.038847,55317,51575,1754,915,8873e63e7ed60a8e4afd787868935ecfb8d98bedfbce91920aae184637f4c945,b31557128bec37a2682e853077fd33d8242356401bd9aa759d2eccf9179b0423
Combined,astronomy-easy-4,first,completed,true,llm_paraphrase,1,0.037846,64323,61111,1600,515,c1bf7f95db38fcda20273c051c1f7c1cebb621705f4d4ca233a053f080e44105,2d083f02692bafd03508afd51900da41c289f54c9b11f0ea84392815abd02742
Combined,astronomy-easy-5,first,completed,true,success,1,0.023774,30210,28492,1220,596,eceb1d4b6c3392c0df57eda9530ccb350c53c6314308ea8c8b4fa2dafc989db7,f96d755c6d32e4617ebe2bf2239153235a1d1cac8abdf32c8e286f969be0ac96
Combined,astronomy-easy-6,first,completed,true,f1_approximate,0.0,0.039265,57220,53457,1754,278,f1f0d8cb5881d2d3d1274f4a2181250d2f953f22502cab64571eae6b756f5f9b,f1630cea1ca9485edb6fde4205940e99885e10bce5fdebe1819448fdc51fb296
Combined,astronomy-hard-10,first,completed,true,f1,1.0,0.069482,76202,69121,3458,1441,44ff48ec4b50419fc3091f61728c09042d6160aa882fbd929fb1bf09f231208e,de5a14f829cd053a5d22305486920816cafa2d2495ffbd6543b8d98df8420af0
Combined,astronomy-hard-11,first,completed,true,success,0,0.208896,321059,304112,9515,5270,9a2e13b3cb3624042789363e006cf4d4a51fbbbddba903f8f3b4774a6c47f200,026683074cfb4c7a37dcc80a8a7299c825642d1b72748a68c8737644d3151bbe
Combined,astronomy-hard-12,first,completed,true,success,0,0.057726,56203,52398,3303,1064,f41670cb484aca4d278efac3f43c87b92bc7f365695aefc47481b152dd94542d,38abc3fb14595a05e2d645574ee61c12c5ef79ef42c1823bd32d3f268dd113b4
Combined,astronomy-hard-7,first,data_readiness_blocked,false,success,0,,,,,,df21b187af7e857d5a9e7f1a277f9c983c34f5f9034b5bac84dca7e65f8a511e,dd39e2e55a67fff12a1192e3d77365f9d1907de696ceaaed10966bba0b9c112a
Combined,astronomy-hard-8,first,completed,true,f1_approximate,0.0,0.035141,43013,40183,1787,633,12646c46944c1509488d5b29f67fff57bf2f5efebfc1dceaa9b4987525d567f2,62d450339d431e3af7c5ecb923635574d529722e03075415f061aa2512a71d63
Combined,astronomy-hard-9,first,completed,true,success,1,0.042551,62571,56897,1652,368,44e8d803f106833fac6be55a6baa425af44b65f72fc3de37182f794278924bc1,6a029d751a6dd7784cc99f22954899eb62bbe5027636d23359f37a9fe1172237
Combined,biomedical-easy-2,first,completed,true,success,0,0.029171,65368,61685,789,245,d9093ae583109803e50ef5ae9129b702cc5d476d68b8499173591d946baaf14a,1e668cd16bc49b3953403b786a86ab4d6093eb5307a5a1adcbb05ace92528f4c
Combined,biomedical-easy-6,first,completed,true,success,1,0.021687,52231,49493,526,89,a46d863705bc54728e34988a65c36c7fb53aa033a60e0d960ab057bb8153cb6f,82d9f4e2527d3450b82bb44ce2f219a72ca0af97c8ed10b33801f031701a91a4
Combined,biomedical-easy-9,first,completed,true,success,1,0.050366,95804,90208,1761,720,a8783541c16f0a4e619827614013bd0308462d12dc33e9ceb6b628b94b36222a,1816a9c27715c336c11478e4314aed993817350e0775944b07001fa073c5b1c1
Combined,biomedical-hard-1,first,completed,true,success,1,0.052353,78430,70846,1918,618,b7b82cb3906918ca1f43c0e248c8c83edc2eb8d3a73d4830712799928ea878eb,a058a16d9808b7c545171437e809c4442bc199554dc908f9bec3d37b745cbeac
Combined,biomedical-hard-3,first,completed,true,success,1,0.054593,114141,107787,1694,605,4da8fdbb17b81a7227bc8becb52a455b967201bb5d6dd86041a9642705c0a502,fdc4253c2faa09d23a1d59101ca4b42a42a31cd18f6f532b8fa37fcc371fb7a8
Combined,biomedical-hard-4,first,completed,true,f1,1.0,0.037913,80730,77544,1336,230,99e98fde33c19f7f21097d03796a57f1b0b9fe928621512419d729017c05d4e7,f3fda758459189f443e7b9ae9d25123a435fb58019a02d3f777a1b37e47f7eaa
Combined,biomedical-hard-5,first,completed,true,success,0,0.059048,110075,103641,2121,893,fd20bd1580e904b54b60e32f5e9deda1e9b874c915969748931809ddc113d3ec,de8ce97c04f32bc93274dc493eca44ef8d02a5e287bcf1505304877aabd72e43
Combined,biomedical-hard-7,first,completed,true,success,1,0.016167,40198,38456,416,138,d2832d1d494ba8a68e3e41c4087aefca0bb151d4bcd504ca790407d86c5704a8,893ad1c81bb77bce46c0922bedf9aaadbe4337dfeecc22cb46b29077189f30dd
Combined,biomedical-hard-8,first,completed,true,f1,1.0,0.035186,73006,67370,870,173,0b6c60bacfa9575e8c0a6c54654467846c0a49b6ab6e34fc6f0372750f85eef2,a939a24a40b4e11974d55be3683a1cb6311fe80146b7418ce6d4c58843c5ec73
Combined,environment-easy-1,first,completed,true,success,1,0.018393,39822,38195,625,198,ca5cfcb2073364802aa193708ce26048b0d2d5c83ed4546e919dce86837e478b,9c05570246c79aa4f646138f4f8f47a1d35ea0782cd07f2c44ba8d2abc9fdd25
Combined,environment-easy-2,first,completed,true,f1,1.0,0.034376,44763,40699,1509,324,ef41595513bfb05a54f96c89c6e2e2f269f526cdc6955b23d396659f65300895,ac800e95d6a3a1e3c2e50eb334d019e71efc2aa06810efb83bfbeb5fcb946f35
Combined,environment-easy-3,first,completed,true,success,0,0.02492,31385,28708,1152,301,0426ed991c14ee8d6a259e8402bf4d8d08275928b428dd1e1b5b58904229a8a0,98081aede4f7aba6a8df5d20170518a81c500e992aa216894c237ceda19ca3a3
Combined,environment-easy-4,first,completed,true,success,1,0.025516,52339,49872,884,273,0ab160521dc1a6cb96c989a59b5a9fa6099900cbba19a569a9535c778e188535,4ecdfa5ebabdb98f8cfb9dd6f7a3b36d9874ed1f31249f685a7cc49a45b0ff74
Combined,environment-easy-5,first,completed,true,success,1,0.015871,30378,28363,514,81,67b0f2cd6189cd99a99b771b5afa672121b6ae11ad26865c2436d1d0c313fc6c,6b50888281b83857896c7539a5ffc9d1a7b19a6c1064cbc6dce81face4263b1c
Combined,environment-easy-6,first,completed,true,success,1,0.033019,53110,50167,1425,670,38f9eb9a95ae2d1bd4771d4fe20100981af6cc95b14445cb7f840e584c6a249b,f8ada4ec8d66786bde41a1fe269998d7197942ac408c60a898efb77e2d523a86
Combined,environment-hard-10,first,completed,true,success,1,0.079231,111258,103003,3510,2046,6b8127ce5199e0f244814e176d77339f73bc09c1fe2e6af33449c909b305292b,fbad66634e2364bde0f1c100c5d6f335263208bd3ebb055dc2c8b036fa55c1cb
Combined,environment-hard-11,first,completed,true,success,1,0.027633,51866,49204,1039,503,e26c0dbde2b6e4002157390a8f7b853223cd166d8b285bb0df7e24a49b88fd8c,e447444ad8b6ce2ee6477326f730f6b5fbd9bed94c46d0bafdecab5e80d03440
Combined,environment-hard-12,first,completed,true,llm_paraphrase,1,0.037246,44040,40588,1852,1073,34df8327be91ebc9eee53fbea940ceaa787deeb0bdac077fe68962fcb5100d2c,d9fb74c1a2c0365592a4d18ecfe142f00bda59645fade3320dc7cce3bfc41156
Combined,environment-hard-13,first,completed,true,success,1,0.044999,77926,73605,1803,485,1a596084220ccd6c7386d6f866305de5f4620128d741c78a3dfbb6bd38a8c8db,4c21d0f5c1e7a9218e467988a17eeed6620cab71fd59b140bda51e263a5e6953
Combined,environment-hard-14,first,completed,true,success,1,0.055015,71145,66033,2632,745,2a53d0f3fa5916b87e8a5304622ed382d6b85a2d41165d071adf18c0d84bae85,8b05c3fce3674a5c2fd5719278c42f622f46830b917ad49de9f2d5741720853b
Combined,environment-hard-15,first,completed,true,success,1,0.032303,54521,50233,1140,290,8aeaa536744881a8d66c89f161bd566070ef7a4e2a5d50a167155570a85c485d,0bc594fee3862628222f9015fdf42ead8696e00f97ba75ef98ed1f27f8057658
Combined,environment-hard-16,first,completed,true,success,0,0.034344,65005,62141,1349,541,3f3b999a4c34c0a09d9da1d2f815b8e9a4cc9556c0f00dafcbc5deb6d4396e6d,4f92847dae2a79d906a63708b39e3b138c9ad537e0d293399c8582508beea6b5
Combined,environment-hard-17,first,completed,true,success,0,0.042659,58467,53844,1887,792,dee1645cce50bebeb2d5c8a77d786c3944e028eab3952a9704b26c03cef67ccb,7c1245918b5493043b43689c24d5c731bb6e7e02aeac0de50b9db88a0a1815af
Combined,environment-hard-18,first,completed,true,llm_paraphrase,1,0.047632,58906,54362,2306,920,4e9d3b14c1017c75e23f413cdaffd08090e9153070a6a8cfb1fb27f4f8242467,8f1bbc27a83213b1b208e83f4ffdfdf8837ace7e09ac0fd0b35e2c327fb9e0ca
Combined,environment-hard-19,first,completed,true,success,0,0.069043,90572,83065,3118,987,9d499d6a401ec77ea8793eb6a45a5ebf58bf57e7bfb73f2590b150ded0497d2d,77d681f6eb097cabc4d46f64c6d8746ac239d5c934ce5c7fe79697d16c030964
Combined,environment-hard-20,first,completed,true,f1,0.6666666666666666,0.03895,59053,54342,1555,573,0d02221f353ff9e6af2707d6ad519e0f47e3de84092fcdece2e7594e1f4951e2,5282b02dca4041add8dfa5538bb12b5f7a8c20e6fcfa82bb9741dd843c6be7e0
Combined,environment-hard-7,first,completed,true,success,1,0.023464,31309,28832,1062,367,8e184245fd20c493ee850ed04e54bc4ffb35c172c580f6e5bb2ba39ebc6378d3,732e691820c7404568a20e37ae2b3510b941c509b765d26381d913768cd6f2c1
Combined,environment-hard-8,first,completed,true,success,1,0.028453,43601,40345,1156,421,cb75f452306581a6ecf3ab141a1752b3fe9334e57d5c0bdaf21902c01b3ec468,02efca23d7268b17e5cca239797a82b2a0b900b073b2899c5ec653f37bf0b4b7
Combined,environment-hard-9,first,completed,true,f1,1.0,0.047992,69589,60759,1515,382,acd953a4955fe5e4c4723c34db7ce5bb4e03a4fb8d78ad4ba6226ae94e6c6d2c,267c607138d8a64906757570a3df682d494847cef62f1c5c9ef440ef7b149d00
Combined,legal-easy-10,first,completed,true,f1,1.0,0.02034,41007,38890,694,126,eade946eef3d0911792552e69da1e5ca1798068b6e0c105e92e32e07b50237e3,27a310c7013f11e9457b86a03e952c94709ece36badb0c23e7653265844b6433
Combined,legal-easy-11,first,completed,true,success,1,0.019938,41723,39109,574,131,969a71888b46084921dd85324d4db22d06c1c2c967e9b28f8ff52d1af69cf99d,e120c814e19f21f7e0ff4875bc5b29f69242e2ccba9874a752971d9891643795
Combined,legal-easy-12,first,completed,true,success,1,0.016036,29429,28050,639,314,937226493e0f590a57664d2c0665467e242ed13be1ecdb705c9171d04f81710e,8bbe1c00b3bda6e38cd35a954a92bd688d32e89b18b6c49c4915f19ea4b557a1
Combined,legal-easy-13,first,completed,true,success,1,0.01953,41260,38821,574,108,4896d27de90e8ef5c43229d63bb564296d5602d0b64fdc408b14ede394aa5725,9992be47d1138f4038aec9da8c35c07d8a3084dc2c60bc3cb2441ab9784b8018
Combined,legal-easy-19,first,completed,true,success,0,0.030993,40869,38525,1550,796,0de0b07b79580240c41279d9078006ead747f1051d90f734a92d23b82fa6d9d0,dbfabfc9cdb4d239c5df4ba5ed518ef01a8a55fa4565a5586a6af77e503a2ef6
Combined,legal-easy-20,first,completed,true,success,1,0.016818,29893,28158,643,164,8843d1b512a75fea0d1d338e20ce1e332e0ddbdb24f16cb8281fbd7c19ad18f5,20f6b7a31a67a83d289febc87559ad0782a0d133a5526a4c3a5ed2aaed79a9b9
Combined,legal-easy-21,first,completed,true,success,1,0.022783,52578,49936,626,204,88fb9fa43580c5c6dff046ecfbf25a0ec80ca7d0238ea4f620d08a54762f900a,3fcbbf425b70bc0b074ad974957b4a7112c7c418fa1321e8b723744ed30a6e09
Combined,legal-easy-25,first,completed,true,llm_paraphrase,1,0.022918,40411,38342,926,219,d2520c76421df555b3f0a756b8695b1f43287288664c9bfdab40db8f6fa41202,06ca0ff5347b8bc3c813b8c963919f354a0b39ffe3105030ce109861581f9f55
Combined,legal-easy-26,first,completed,true,f1,1.0,0.015019,29378,28045,562,261,3156c07fcd44910ee85c1a07a6a98d8c868aa3c57fbbbc1263869a56b2ead692,18beca5a1ecfdf344d5e1a484bea4e6793772a6e9469e31d8fd384be22589bab
Combined,legal-easy-27,first,completed,true,success,1,0.011812,29418,28031,286,50,765a19d06d6e33bfc2482d05dba01daa049e28107fea4ceacbfad7d0f3e09f2e,b734adfb1268cc5079ef87b07655ae904683e946e9e3e568ca696303012b1dea
Combined,legal-easy-3,first,completed,true,rae_score,1.0,0.01614,29912,28302,605,178,85048417fbd37d3f126fbda879fc5e2dcade8fb4e689a2f6c0afa5f16ef946de,53a3f4025962eb106d879d5b845040324af170abcd765a2ae7719cdef428cfb9
Combined,legal-easy-4,first,completed,true,success,1,0.018463,40411,38524,582,142,e5c3395c3d1a858d8cca274fc96886d5e97e5e903696d463578018a4e2adf615,85937913b1a449852aa8e6d8bc46f5a10a7941f7f8220f6651e75ca78f8c41e6
Combined,legal-easy-5,first,completed,true,success,1,0.017577,39898,38366,570,178,391d6294303c84991674a2d558d08ac95358d2133dc68358886208a24e7e30e6,cd95067837f813c5f70572efaddbdc799c693ca47d2c9a12d29116c72469fdfc
Combined,legal-easy-9,first,completed,true,success,1,0.018502,30211,28082,719,92,a35fd7b3b401af36889305322b1013fad5d9fda1ac22f34a9f37acb9ff4e4f80,93fa0d8807abe2942c0291398e0bb4c81d043f3d11b25015ee36f12fd41f9d4b
Combined,legal-hard-1,first,completed,true,success,1,0.04309,44839,40962,2262,949,b10d9b5c89c7435950f2af067a5f62ea364c24766b130a767df16887e97438e7,f3164edd13f1e056d5e5929d5b49f37d613946f3cdc9a8dafafad388d6d7eae5
Combined,legal-hard-14,first,completed,true,f1,1.0,0.027379,42741,39546,1090,316,5952e4cee45c65c2a8d07fa03de75e11532a94770a1b7bab9f74604b16b44c42,dea7caf147d5225f9f8840818e24fd14770a8f450f3f16e6a6c65670e8031213
Combined,legal-hard-15,first,completed,true,success,0,0.032946,53702,50592,1384,655,3cfa8ac3797d235b83a6246649ce19342956b0f622fcdb296f2c016ab10da551,7f3f49963989a5df428e96f06ea7368ecfb06922c3d526faff7653d0611b89b8
Combined,legal-hard-16,first,completed,true,success,1,0.027836,51918,48989,1015,249,9a054d267fed57e9b0728220e6969c3fa6df2c08c20dedba0b4e9701df05d0b5,4df17979f500451af883e0e8438a46635ad9d6f94bb02ff310f2ab135b31305e
Combined,legal-hard-17,first,completed,true,success,1,0.02223,42906,40090,715,265,27988fc2440aea4d2648f4ddc2a27c23173300c885282589b7b6d6d84760261a,691cb24296ecd1351b2229fd122ff9c8175f0c3203f29a7e44c15e381305c853
Combined,legal-hard-18,first,completed,true,success,0,0.031916,33193,29330,1527,645,12d5e3dafb3f56781cdb95431decfd12fe5add434b4e9fb7eb61b6ba2e83668d,13c7f4e670205bdbe71e6f73be674d5e7b91b2e9a6f88e4d8058ebb5943f0f0d
Combined,legal-hard-2,first,completed,true,llm_paraphrase,1,0.047215,70185,65626,2081,770,3dfd679b538534f7a3b3a60ab4f6da43e9175467bc6b504db4f25e4638f95c09,14e265de63dfa80c4c6f9dee610c4a5c8ef3cee4c7f11ffdc0e3129ff40c4a4f
Combined,legal-hard-22,first,completed,true,success,0,0.030621,45097,40643,1132,289,78598205f948bb6c3cf4d2ea60a839c65293b142d4e05f7aec8e3561b69faba1,6b1d01ea707cad7d84f11f8c0e70d28cceb12f97ebb6f6859c4a93058cfb43f3
Combined,legal-hard-23,first,completed,true,llm_paraphrase,1,0.047553,60405,54605,2086,563,bad0c0a061bef1328cd2127e04c2f01ad9fd4b171557e9f96bada6160fb05b25,7c4a48a53cfb6ea7c4d038caeea72e6c51969dcc01a7ec31cf1b463aaa55092e
Combined,legal-hard-24,first,completed,true,success,0,0.025275,43838,40274,841,123,2f8c9338d98ee133eaa8a05d9878baa93c4689b5d04dd62604fb86e754bfc6bb,be9f479804dfff1174a00e1f2aa435bee546ae530f839bbe0fe27298670b21d7
Combined,legal-hard-28,first,completed,true,success,1,0.02846,44379,40519,1053,260,0fff8cd1cb932308a659e7fd2144c149f3462bf58843eb0c62af2c8184f163f8,813686e098373a1904360632a7c06100bc945d0ca7bd2f6d3d431e53e27387a1
Combined,legal-hard-29,first,completed,true,success,1,0.025201,41722,38784,964,265,1a788d0ed4f4667f5ccc3696162b4ea5512e7c2784eff500f509e01986677990,dbbc087e16a9e39b3c7744fa61e9c7e4cf4b5952008c8bb5eef1148b4f1911db
Combined,legal-hard-30,first,completed,true,success,1,0.033718,56678,52710,1270,188,b6d8c25dd503f5de1f253ab828a10f4d0170d70dbc6165ed6287fb9d30a0a93b,74ccc2584f10459a793df893ccf846cf9d36fcd0c07fe0925a5a210c66f072c3
Combined,legal-hard-6,first,completed,true,success,1,0.019666,41080,38919,630,129,1767910a2149273d4c2f06b83ed7a5fdb7d76b85d498f2e01c45b5a2fc1df07e,f6a24864140deb3dfa68ea2fc213bcd7a80dd4658d347461ec22fe6a1dc49ebd
Combined,legal-hard-7,first,completed,true,success,1,0.02,41333,39608,719,101,d9b94afd678dcba14c0a43a9415166d03de3483feb471a93f7a37c1dd0174b3a,b2dee467d79955a8018ece1ca7c52381fa77aa6b5f24ae58110a3967685fa352
Combined,legal-hard-8,first,completed,true,success,1,0.0214,44063,40570,525,142,5fa55c88194c3a38cfecdf14e385a8a2572eced41cfe15ddf160995811a264ba,40a9bf9caddb593071864cda8e2d1985235171d2955937bf3f456a9dd03df314
Combined,wildfire-easy-1,first,completed,true,success,1,0.021985,40350,37973,803,20,52bab181b288436c2739df2c6481382e72b8fd1cc4d3ef4731b2b93e864f3bf7,f9089666debc12e56727998dcb6551ef32a938ff4be83a8d46992424e3694ce3
Combined,wildfire-easy-13,first,completed,true,llm_paraphrase,1,0.010928,28722,27722,282,73,ac4abbdfeffa64ef8f97af4d3befe64e083d1d97fdd00c762f2afa04113bdc23,a3ba871770db0a024965d3eaaab6bbd52b6f3672109c50f610c10d8bec2bbec1
Combined,wildfire-easy-15,first,completed,true,success,1,0.03308,67959,64152,1053,303,e1d41359ab670d0efc349c809f777e47d157cb4a0cb9034572a2384b0675d617,99c1c361358f6ee31b20c8149cd2d4ece5d2f677e4164c651d9e4233f434aac1
Combined,wildfire-easy-2,first,completed,true,success,1,0.029098,53347,50529,1113,369,91be3c75b1cb80e652a38fb04823ec6ce80f37bb209c2dbd9907a766245bce33,68ba4bf41a9a871a820e27f38d8ae65c22609971cfe965b2ae9c91d804af7d49
Combined,wildfire-easy-3,first,completed,true,f1,0.0,0.057808,89557,85012,2643,463,dd8b8d83d75db8b91b1d658b7ec7b591ec0f57b997de7d26fdc69522f7bdbcf2,f5e144a5459881b627c72413e33e72a34775c7618e077da1607020c3d3fbd18a
Combined,wildfire-easy-8,first,completed,true,success,1,0.016559,40680,38627,394,109,4c25fcfc720bddf5272bc76d42d8ad288362064d4a461e017aa0145665d4212e,0fa1963ac544a665098b4c6a085fa89a4659b1a7888c8f9e1224963d3bf7576b
Combined,wildfire-easy-9,first,completed,true,rae_score,0.9076923076923077,0.019296,41072,38662,562,124,3fe24dc70f7498d051bb36bacdb9086889d4205bbd908e4a23b06fb8bf81b58e,0d827e6e29ae5365036c4ebcc2347f589ba1aba1f792715c315bcea25ae300cc
Combined,wildfire-hard-10,first,completed,true,success,1,0.018766,33121,29782,511,67,c6c486a2af2e2aaee529d4911f724a3589ee64d0eec92625f7580e549c745e7b,607756a531c0e2bc828ff0a69b017f1e52f7522af318139589941890f5ee0267
Combined,wildfire-hard-11,first,completed,true,success,1,0.014807,30006,28147,455,53,78ace525d5d8501e7d69ca429dbc471d652548f100156f1ea21c3fa1aadaf6cb,a3f920e66d5b7b259c8fc5d57ac6170bb4efa2af445af5703c58df4c3c171a5e
Combined,wildfire-hard-12,first,completed,true,llm_paraphrase,1,0.024574,53489,50080,645,176,93ed5214d1e603dd2a29154c1f94c7da005ffbd628db1461d72ae84578c3987c,44fe156bb4ce6cd794da6443fcb7ac6e18b3be47d4694e20ed75826099a675f0
Combined,wildfire-hard-14,first,completed,true,rae_score,0.7386363636363636,0.025264,42972,40231,978,261,6e469bd95c533c8c11ad0794d10cd950c42c331e294cd62df010226e487fb55a,790853d2e64e214b5f8b8129f6ef40753f70a9af035bd50705d679de5dd637bb
Combined,wildfire-hard-16,first,completed,true,f1,1.0,0.046438,96089,91060,1514,483,f6f82c8118812cf8cece2127f6b35430fb4a5f5127b472b7fd6df1e539021cdb,54b626f762917d72201aded4248935be6333b285e27265df21fa0f5dc7f97d8d
Combined,wildfire-hard-17,first,completed,true,rae_score,0.7614431624739929,0.024782,56073,52602,610,209,8c8d6b1c7fe18f001d178a0e1bd1e1aaae7a1dd4c420cc3c5baab680d51f0604,f228d08302e5189799910ef2b5017752a8d91e27baefca352a5538e6b7c5936a
Combined,wildfire-hard-18,first,completed,true,llm_paraphrase,0,0.053928,85876,79851,2159,798,b452406f4cd0fce6d842fd56fb046388a30e694f13b5febecd4993df63a77651,dd79d445c770da802c87db4ea0b735f8d3362cd3656a5676f6a546e59666e782
Combined,wildfire-hard-19,first,completed,true,rae_score,0.5080645161290323,0.116137,142512,133153,5899,3153,0d41e4cd3095b00dda7b996b495fbf2a1cee907046fb0f561824deae633438e4,9bd67731c624de9c337786b297699185d2c77ef5fcef754c8875ce00e11eae8f
Combined,wildfire-hard-20,first,completed,true,success,1,0.037592,71331,66472,1215,456,bba5b5b9d74595e3653cb386bf3e1137e7ecce2beed79af71bbe59be5c950213,62752731e0352b360a1101fc38d3dc701ce03f79b79a2c0adb08d04f255ad06a
Combined,wildfire-hard-21,first,completed,true,f1,0.6666666666666666,0.038898,73714,68188,1184,437,6fb84e380bd1acfdb6120d3e559d0fb1b556599115c780034649ea4e734eeb0b,2d7d55686dda8b5ce636911c16cd663f67537f417b17493747e76a065b1db9b0
Combined,wildfire-hard-4,first,completed,true,success,1,0.01887,31592,29079,669,88,354865bb92c661e20d5c5a5dd4b3a16dadf4ceb876be0fed88907a287dc6093e,ed30a92083fe9bad5ec1b02653d79ba12d1e798af3f324acd3b86e8a4c250184
Combined,wildfire-hard-5,first,completed,true,success,1,0.02952,43390,39671,1179,347,ad714f3494d9aec6958cba7ecc7acdd43d0592a641f4a43c37827c7bcbde5556,a42ae50f344c323be4b87e161eff89f9eb331acbdd4c2ba0cda88d11ce97993b
Combined,wildfire-hard-6,first,completed,true,rae_score,1.0,0.023641,42901,39927,809,33,82e0690d5fa2323c980806e2bd0193f26ac558d87316cacb6ccd75da405b281b,2e579818eed0eaff3cb4d56118ec0023d18eef11a1d2d8c174acf8e69d5cf984
Combined,wildfire-hard-7,first,completed,true,llm_paraphrase,1,0.069805,105546,98586,3014,2059,86a17d098e3e5c2add198e7d1bcac22c9e439bc349a866343f23c912f39bbc6e,99bc3fdb9b5d0897cf56e8cca4c942532172ef7d24aa95a242f6ba36d686c7d9
